<window type="dialog">
  <zorder>3</zorder>
  <animation type="WindowOpen">
    <effect type="slide" tween="back" easing="out" start="0,0" end="0,100" center="960,930" time="240" />
  </animation>
  <animation type="WindowClose">
    <effect type="slide" tween="cubic" easing="in" start="0,100" end="0,0" center="960,930" time="180" />
  </animation>
  <controls>
    <control type="group">
      <posx>520</posx>
      <posy>-100</posy>
      <!--<control type="image" description="background">
      <posx>0</posx>
      <posy>0</posy>
      <width>763</width>
        <height>136</height>
        <texture>dialogs/ScanBG.png</texture>
    </control>-->
      <control type="image" description="background">
        <posx>0</posx>
        <posy>0</posy>
        <width>900</width>
        <height>54</height>
        <texture flipy="true" border="44,0,44,0">dialogs/BusyBG.png</texture>
      </control>
      <control type="label" description="Message">
        <posx>30</posx>
        <posy>0</posy>
        <height>40</height>
        <width>840</width>
        <scroll>true</scroll>
        <align>center</align>
        <font>ListDetails</font>
        <textcolor>Orange</textcolor>
        <label>$INFO[Control.GetLabel(401)]$INFO[Control.GetLabel(402),[COLOR=White]  •  [/COLOR]]</label>
      </control>
      <control type="image" id="400" description="File Icon">
        <visible>false</visible>
        <posx>12</posx>
        <posy>12</posy>
        <width>112</width>
        <height>112</height>
        <texture>DefaultIconWarning.png</texture>
      </control>
      <control type="image" id="403" description="Default Icon">
        <visible>false</visible>
        <posx>12</posx>
        <posy>12</posy>
        <width>112</width>
        <height>112</height>
        <texture>DefaultIconWarning.png</texture>
      </control>
      <control type="image" id="404" description="Default Warning">
        <visible>false</visible>
        <posx>12</posx>
        <posy>12</posy>
        <width>112</width>
        <height>112</height>
        <texture>DefaultIconWarning.png</texture>
      </control>
      <control type="image" id="405" description="Default Error">
        <visible>false</visible>
        <posx>12</posx>
        <posy>12</posy>
        <width>112</width>
        <height>112</height>
        <texture>DefaultIconWarning.png</texture>
      </control>
      <control type="label" id="401" description="Heading">
        <posx>153</posx>
        <posy>0</posy>
        <height>40</height>
        <width>570</width>
        <scroll>true</scroll>
        <font>-</font>
      </control>
      <control type="label" id="402" description="Message">
        <posx>153</posx>
        <posy>40</posy>
        <height>40</height>
        <width>570</width>
        <scroll>true</scroll>
        <font>-</font>
      </control>
    </control>
  </controls>
</window>