<includes>
  <include name="FooterInfo">
    <control type="label" description="Title Label">
      <posx>510</posx>
      <posy>1020</posy>
      <width>900</width>
      <height>45</height>
      <align>center</align>
      <font>InfoTitle</font>
      <textcolor>White2</textcolor>
      <shadowcolor>ShadowDark</shadowcolor>
      <label>$INFO[ListItem.Label]</label>
    </control>
    <control type="label" description="Details">
      <posx>30</posx>
      <posy>1027</posy>
      <height>33</height>
      <width>450</width>
      <align>left</align>
      <font>Details</font>
      <scroll>false</scroll>
      <label>$VAR[Fanart_Details]</label>
    </control>
    <control type="image" description="Stars">
      <visible>![container.content(albums) | container.content(addons)]</visible>
      <posx>170r</posx>
      <posy>1032</posy>
      <align>right</align>
      <include>Stars</include>
    </control>
    <control type="label" description="Right value">
      <visible>container.content(albums)</visible>
      <posx>30r</posx>
      <posy>1028</posy>
      <height>33</height>
      <width>500</width>
      <align>right</align>
      <font>Year</font>
      <scroll>false</scroll>
      <label>$INFO[ListItem.Year]</label>
    </control>
    <control type="label" description="Right value">
      <visible>container.content(songs)</visible>
      <posx>200r</posx>
      <posy>1031</posy>
      <height>33</height>
      <width>500</width>
      <align>right</align>
      <font>Year</font>
      <scroll>false</scroll>
      <label>$INFO[ListItem.FileExtension]</label>
    </control>
    <control type="label" description="Right value">
      <visible>container.content(addons)</visible>
      <posx>30r</posx>
      <posy>1031</posy>
      <height>33</height>
      <width>500</width>
      <align>right</align>
      <font>Year</font>
      <scroll>false</scroll>
      <label>$INFO[ListItem.Property(Addon.Version)]</label>
    </control>
    <control type="image" description="HD badge">
      <visible>Window.IsActive(MyVideoNav.xml) + ![ListItem.IsFolder | IsEmpty(ListItem.VideoResolution) | !IntegerGreaterThan(ListItem.VideoResolution,710)]</visible>
      <posx>292r</posx>
      <posy>1034</posy>
      <height>24</height>
      <width>90</width>
      <aspectratio aligny="bottom" align="right">keep</aspectratio>
      <texture>badges/HD.png</texture>
    </control>
  </include>
  <include name="MovieShowcaseThumbDimensions">
    <posx>15</posx>
    <posy>15</posy>
    <width>210</width>
    <height>312</height>
  </include>
  <include name="MovieShowcaseBG">
    <include>MovieShowcaseThumbDimensions</include>
    <include>PosterThumbBG</include>
  </include>
  <include name="MovieShowcaseFO">
    <include>MovieShowcaseThumbDimensions</include>
    <include>PosterThumbFO</include>
  </include>
  <include name="MovieShowcaseThumb">
    <include>MovieShowcaseThumbDimensions</include>
    <include>PosterThumb</include>
  </include>
  <include name="MusicShowcaseThumbDimensions">
    <posx>80</posx>
    <posy>144</posy>
    <width>297</width>
    <height>297</height>
  </include>
  <include name="MusicShowcaseBG">
    <include>MusicShowcaseThumbDimensions</include>
    <include>SquareThumbBG</include>
  </include>
  <include name="MusicShowcaseFO">
    <include>MusicShowcaseThumbDimensions</include>
    <include>SquareThumbFO</include>
  </include>
  <include name="MusicShowcaseThumb">
    <include>MusicShowcaseThumbDimensions</include>
    <include>SquareThumb</include>
  </include>
  <include name="EpisodeShowcaseThumbDimensions">
    <posx>12</posx>
    <posy>12</posy>
    <width>390</width>
    <height>267</height>
  </include>
  <include name="EpisodeShowcaseBG">
    <include>EpisodeShowcaseThumbDimensions</include>
    <include>EpisodeThumbBG</include>
  </include>
  <include name="EpisodeShowcaseFO">
    <include>EpisodeShowcaseThumbDimensions</include>
    <include>EpisodeThumbFO</include>
  </include>
  <include name="EpisodeShowcaseThumb">
    <include>EpisodeShowcaseThumbDimensions</include>
    <include>EpisodeThumb</include>
  </include>
  <include name="View_59_Showcase">
    <control type="group" description="Footer info">
      <visible>Control.IsVisible(57) | Control.IsVisible(58) | Control.IsVisible(59)</visible>
      <visible>![Control.HasFocus(7000) | [Control.IsVisible(58) + Skin.HasSetting(Music_Info)] | [Control.IsVisible(57) + Skin.HasSetting(Episodes_Info)] | [Control.IsVisible(59) + Skin.HasSetting(Posters_Info)]]</visible>
      <animation effect="fade" start="100" end="0" time="150" delay="0" center="120,350" reversible="false">Hidden</animation>
      <animation effect="fade" start="0" end="100" time="450" delay="400" center="120,350" reversible="false">Visible</animation>
      <include>FooterInfo</include>
    </control>
    <control type="group" description="Showcase 59 Movies TV Seasons">
      <visible>Control.IsVisible(59)</visible>
      <control type="fixedlist" id="59">
        <visible>[container.content(MusicVideos) + Window.IsActive(myvideonav.xml)] | container.content(movies) | container.content(tvshows) | container.content(seasons)</visible>
        <animation effect="slide" easing="out" start="0,0" end="0,800" time="350" delay="0" center="120,350" reversible="true" condition="Control.HasFocus(7000)">Conditional</animation>
        <animation effect="slide" easing="out" start="0,0" end="0,60" time="350" delay="0" center="120,350" reversible="true" condition="Skin.HasSetting(Posters_Info)">Conditional</animation>
        <posx>-120</posx>
        <posy>669</posy>
        <width>2160</width>
        <height>339</height>
        <onleft>59</onleft>
        <onright>59</onright>
        <onup>9000</onup>
        <ondown condition="Skin.HasSetting(Posters_Gallery)">7000</ondown>
        <ondown condition="!Skin.HasSetting(Posters_Gallery)">60</ondown>
        <viewtype label="20445">Fanart</viewtype>
        <pagecontrol>60</pagecontrol>
        <orientation>horizontal</orientation>
        <scrolltime>250</scrolltime>
        <focusposition>4</focusposition>
        <movement>3</movement>
        <preloaditems>4</preloaditems>
        <itemlayout height="339" width="240">
          <control type="image">
            <include>MovieShowcaseBG</include>
          </control>
          <control type="image">
            <include>MovieShowcaseThumb</include>
          </control>
          <control type="image">
            <posx>190</posx>
            <posy>291</posy>
            <width>33</width>
            <height>33</height>
            <texture>$VAR[Overlay]</texture>
          </control>
        </itemlayout>
        <focusedlayout height="339" width="240">
          <control type="group">
            <control type="image">
              <animation effect="fade" start="100" end="0" time="100">Focus</animation>
              <include>MovieShowcaseBG</include>
            </control>
            <control type="image">
              <animation effect="fade" start="100" end="0" time="100">Unfocus</animation>
              <include>MovieShowcaseFO</include>
            </control>
            <control type="image">
              <include>MovieShowcaseThumb</include>
            </control>
          </control>
          <control type="image">
            <posx>190</posx>
            <posy>291</posy>
            <width>33</width>
            <height>33</height>
            <texture>$VAR[Overlay]</texture>
          </control>
        </focusedlayout>
      </control>
      <control type="group">
        <visible>Skin.HasSetting(Posters_Gallery)</visible>
        <visible allowhiddenfocus="true">Control.HasFocus(7000)</visible>
        <animation effect="fade" delay="200" time="300">Visible</animation>
        <animation effect="fade" time="100">Hidden</animation>
        <control type="button" id="7000">
          <include>HiddenButton</include>
          <onup>59</onup>
          <ondown>59</ondown>
          <onclick>Control.SetFocus(59)</onclick>
          <onleft>Control.Move(59,-1)</onleft>
          <onright>Control.Move(59,1)</onright>
        </control>
        <control type="group" description="Thumb">
          <posx>40</posx>
          <posy>721</posy>
          <control type="image">
            <include>MovieShowcaseBG</include>
          </control>
          <control type="image">
            <include>Icon_Fade</include>
            <include>MovieShowcaseThumb</include>
          </control>
          <control type="image">
            <posx>190</posx>
            <posy>291</posy>
            <width>33</width>
            <height>33</height>
            <texture>$VAR[Overlay]</texture>
          </control>
        </control>
        <control type="group" description="Media info">
          <posx>330</posx>
          <posy>654</posy>
          <control type="label" description="Title Label">
            <posy>78</posy>
            <width>1360</width>
            <height>60</height>
            <textcolor>White2</textcolor>
            <font>InfoTitle</font>
            <scroll>false</scroll>
            <label>$INFO[ListItem.Label]</label>
          </control>
          <control type="image" description="Watched Overlay">
            <visible>Container.content(MusicVideos) | Container.Content(Movies)</visible>
            <posx>-36</posx>
            <posy>125</posy>
            <width>21</width>
            <height>70</height>
            <texture>$VAR[Overlay]</texture>
            <aspectratio>keep</aspectratio>
          </control>
          <control type="label" description="Details">
            <posy>141</posy>
            <height>33</height>
            <width>1200</width>
            <font>Details</font>
            <label>$VAR[Details]</label>
          </control>
          <control type="label" description="Genre">
            <posy>177</posy>
            <height>33</height>
            <width>1200</width>
            <font>Details</font>
            <label>$INFO[ListItem.Genre]</label>
          </control>
          <control type="textbox" description="Plot">
            <posx>0</posx>
            <posy>228</posy>
            <width>1500</width>
            <height>125</height>
            <align>left</align>
            <label>$VAR[Plots]</label>
          </control>
          <control type="image" description="Stars">
            <posx>-3</posx>
            <posy>366</posy>
            <include>Stars</include>
          </control>
          <control type="image" description="HD badge">
            <visible>![ListItem.IsFolder | IsEmpty(ListItem.VideoResolution) | !IntegerGreaterThan(ListItem.VideoResolution,710)]</visible>
            <posx>120</posx>
            <posy>368</posy>
            <height>24</height>
            <width>90</width>
            <aspectratio aligny="bottom" align="right">keep</aspectratio>
            <texture>badges/HD.png</texture>
          </control>
        </control>
      </control>
      <control type="group">
        <visible>Skin.HasSetting(Posters_Info)</visible>
        <animation effect="fade" delay="200" time="300">Visible</animation>
        <animation effect="fade" time="100">Hidden</animation>
        <control type="group" description="Media info">
          <posx>1315</posx>
          <posy>-45</posy>
          <control type="label" description="Title Label">
            <posy>78</posy>
            <width>570</width>
            <height>60</height>
            <textcolor>Orange</textcolor>
            <font>InfoTitle</font>
            <scroll>false</scroll>
            <label>$INFO[ListItem.Label]</label>
          </control>
          <control type="label" description="Details">
            <posy>141</posy>
            <height>33</height>
            <width>570</width>
            <font>Details</font>
            <scroll>false</scroll>
            <label>$VAR[Details]</label>
          </control>
          <control type="label" description="Genre">
            <posy>177</posy>
            <height>33</height>
            <width>570</width>
            <font>ListDetails</font>
            <scroll>false</scroll>
            <label>$INFO[ListItem.Genre]</label>
          </control>
          <control type="textbox" description="Plot">
            <posx>0</posx>
            <posy>234</posy>
            <width>570</width>
            <height>470</height>
            <align>justify</align>
            <label>$VAR[Plots]</label>
          </control>
          <control type="image" description="Stars">
            <visible>![container.content(albums) | container.content(addons)]</visible>
            <posx>0</posx>
            <posy>720</posy>
            <align>right</align>
            <include>Stars</include>
          </control>
          <control type="image" description="Watched Overlay">
            <visible>Container.content(MusicVideos) | Container.Content(Movies)</visible>
            <posx>170</posx>
            <posy>698</posy>
            <width>21</width>
            <height>70</height>
            <texture>$VAR[Overlay]</texture>
            <aspectratio>keep</aspectratio>
          </control>
        </control>
      </control>
      <control type="scrollbar" id="60">
		<visible>False</visible>
        <animation effect="slide" start="0,0" end="0,-3" time="150">Focus</animation>
        <!--<animation effect="slide" start="0,0" end="0,-90" time="350" easing="out" condition="Control.HasFocus(7000)">Conditional</animation>-->
        <posx>90</posx>
        <posy>1056</posy>
        <width>1750</width>
        <height>36</height>
        <texturesliderbackground>-</texturesliderbackground>
        <texturesliderbar>-</texturesliderbar>
        <texturesliderbarfocus>-</texturesliderbarfocus>
        <textureslidernib border="18">sc/Scroll-bar-horizontal.png</textureslidernib>
        <textureslidernibfocus border="18">sc/Scroll-bar-horizontalfo.png</textureslidernibfocus>
        <showonepage>true</showonepage>
        <orientation>horizontal</orientation>
        <onup>59</onup>
        <onright>noop</onright>
      </control>
    </control>
    <control type="group" description="Showcase 58 Squares">
      <visible>Control.IsVisible(58)</visible>
      <control type="fixedlist" id="58">
        <visible>![[container.content(MusicVideos) + Window.IsActive(myvideonav.xml)] | container.content(movies) | container.content(tvshows) | container.content(seasons) | container.content(episodes)]</visible>
        <animation effect="slide" easing="out" start="0,0" end="0,800" time="350" delay="0" center="120,350" reversible="true" condition="Control.HasFocus(7000)">Conditional</animation>
        <animation effect="slide" easing="out" start="0,0" end="0,60" time="350" delay="0" center="120,350" reversible="true" condition="Skin.HasSetting(Music_Info)">Conditional</animation>
        <posx>-404</posx>
        <posy>546</posy>
        <width>2268</width>
        <height>660</height>
        <onleft>58</onleft>
        <onright>58</onright>
        <onup>9000</onup>
        <ondown condition="[container.content(artists) | container.content(albums)] + Skin.HasSetting(Music_Gallery)">7000</ondown>
        <ondown condition="![[container.content(artists) | container.content(albums)] + Skin.HasSetting(Music_Gallery)]">60</ondown>
        <viewtype label="20445">Fanart</viewtype>
        <pagecontrol>60</pagecontrol>
        <orientation>horizontal</orientation>
        <scrolltime>250</scrolltime>
        <focusposition>3</focusposition>
        <movement>2</movement>
        <preloaditems>4</preloaditems>
        <itemlayout height="400" width="324">
          <control type="image">
            <include>MusicShowcaseBG</include>
          </control>
          <control type="image">
            <include>MusicShowcaseThumb</include>
          </control>
        </itemlayout>
        <focusedlayout height="660" width="324">
          <control type="image">
            <animation effect="fade" start="100" end="0" time="100">Focus</animation>
            <include>MusicShowcaseBG</include>
          </control>
          <control type="image">
            <animation effect="fade" start="100" end="0" time="100">Unfocus</animation>
            <include>MusicShowcaseFO</include>
          </control>
          <control type="image">
            <include>MusicShowcaseThumb</include>
          </control>
        </focusedlayout>
      </control>
      <control type="group">
        <visible>Skin.HasSetting(Music_Gallery)</visible>
        <visible allowhiddenfocus="true">Control.HasFocus(7000)</visible>
        <animation effect="fade" delay="200" time="300">Visible</animation>
        <animation effect="fade" time="100">Hidden</animation>
        <control type="button" id="7000">
          <include>HiddenButton</include>
          <onup>58</onup>
          <ondown>58</ondown>
          <onclick>Control.SetFocus(58)</onclick>
          <onleft>Control.Move(58,-1)</onleft>
          <onright>Control.Move(58,1)</onright>
        </control>
        <control type="group" description="Thumb">
          <posx>40</posx>
          <posy>606</posy>
          <control type="image">
            <include>MusicShowcaseBG</include>
          </control>
          <control type="image">
            <include>MusicShowcaseThumb</include>
          </control>
        </control>
        <control type="group" description="Media info">
          <posx>405</posx>
          <posy>666</posy>
          <control type="label" description="Title Label">
            <posy>78</posy>
            <width>1360</width>
            <height>60</height>
            <textcolor>White2</textcolor>
            <font>InfoTitle</font>
            <scroll>false</scroll>
            <label>$INFO[ListItem.Label]</label>
          </control>
          <control type="label" description="Details">
            <posy>141</posy>
            <height>33</height>
            <width>1200</width>
            <font>Details</font>
            <label>$VAR[Details]</label>
          </control>
          <control type="textbox" description="Plot">
            <posx>0</posx>
            <posy>216</posy>
            <width>1450</width>
            <height>175</height>
            <align>left</align>
            <label>$VAR[Plots]</label>
          </control>
        </control>
      </control>
      <control type="group">
        <visible>Skin.HasSetting(Music_Info)</visible>
        <animation effect="fade" delay="200" time="300">Visible</animation>
        <animation effect="fade" time="100">Hidden</animation>
        <control type="group" description="Media info">
          <posx>1315</posx>
          <posy>-45</posy>
          <control type="label" description="Title Label">
            <posy>78</posy>
            <width>570</width>
            <height>60</height>
            <textcolor>Orange</textcolor>
            <font>InfoTitle</font>
            <scroll>false</scroll>
            <label>$INFO[ListItem.Label]</label>
          </control>
          <control type="textbox" description="Plot">
            <posx>0</posx>
            <posy>150</posy>
            <width>570</width>
            <height>586</height>
            <align>justify</align>
            <label>$VAR[Plots]</label>
          </control>
        </control>
      </control>
      <control type="scrollbar" id="60">
		<visible>False</visible>
        <animation effect="slide" start="0,0" end="0,-3" time="150">Focus</animation>
        <!--<animation effect="slide" start="0,0" end="0,-90" time="350" easing="out" condition="Control.HasFocus(7000)">Conditional</animation>-->
        <posx>90</posx>
        <posy>1056</posy>
        <width>1750</width>
        <height>36</height>
        <texturesliderbackground>-</texturesliderbackground>
        <texturesliderbar>-</texturesliderbar>
        <texturesliderbarfocus>-</texturesliderbarfocus>
        <textureslidernib border="18">sc/Scroll-bar-horizontal.png</textureslidernib>
        <textureslidernibfocus border="18">sc/Scroll-bar-horizontalfo.png</textureslidernibfocus>
        <showonepage>true</showonepage>
        <orientation>horizontal</orientation>
        <onup>58</onup>
        <onright>noop</onright>
      </control>
    </control>
    <control type="group" description="Showcase 57 Episodes">
      <visible>Control.IsVisible(57)</visible>
      <control type="fixedlist" id="57">
        <visible>container.content(episodes)</visible>
        <animation effect="slide" easing="out" start="0,0" end="0,800" time="350" delay="0" center="120,350" reversible="true" condition="Control.HasFocus(7000)">Conditional</animation>
        <animation effect="slide" easing="out" start="0,0" end="0,60" time="350" delay="0" center="120,350" reversible="true" condition="Skin.HasSetting(Episodes_Info)">Conditional</animation>
        <posx>-75</posx>
        <posy>690</posy>
        <width>2070</width>
        <height>291</height>
        <onleft>57</onleft>
        <onright>57</onright>
        <onup>9000</onup>
        <ondown condition="Skin.HasSetting(Episodes_Gallery)">7000</ondown>
        <ondown condition="!Skin.HasSetting(Episodes_Gallery)">60</ondown>
        <viewtype label="20445">Fanart</viewtype>
        <pagecontrol>60</pagecontrol>
        <orientation>horizontal</orientation>
        <scrolltime>250</scrolltime>
        <focusposition>2</focusposition>
        <movement>1</movement>
        <preloaditems>4</preloaditems>
        <itemlayout height="291" width="414">
          <control type="image">
            <include>EpisodeShowcaseBG</include>
          </control>
          <control type="image">
            <include>EpisodeShowcaseThumb</include>
          </control>
          <control type="group">
            <visible>!IsEmpty(ListItem.Episode)</visible>
            <posy>210</posy>
            <control type="image">
              <posx>2</posx>
              <width>410</width>
              <height>70</height>
              <bordersize>9</bordersize>
              <texture>img/OverlayStripe.png</texture>
            </control>
            <control type="label">
              <posx>30</posx>
              <width>300</width>
              <height>70</height>
              <font>Slider</font>
              <label>$LOCALIZE[31973] $INFO[ListItem.Season,,.]$INFO[ListItem.Episode]</label>
            </control>
            <control type="image" description="Watched Overlay">
              <posx>357</posx>
              <width>33</width>
              <height>70</height>
              <texture>$VAR[Overlay]</texture>
              <aspectratio>keep</aspectratio>
            </control>
          </control>
        </itemlayout>
        <focusedlayout height="291" width="414">
          <control type="image">
            <animation effect="fade" start="100" end="0" time="100">Focus</animation>
            <include>EpisodeShowcaseBG</include>
          </control>
          <control type="image">
            <animation effect="fade" start="100" end="0" time="100">Unfocus</animation>
            <include>EpisodeShowcaseFO</include>
          </control>
          <control type="image">
            <include>EpisodeShowcaseThumb</include>
          </control>
          <control type="group">
            <visible>!IsEmpty(ListItem.Episode)</visible>
            <posy>210</posy>
            <control type="image">
              <posx>2</posx>
              <width>410</width>
              <height>70</height>
              <bordersize>9</bordersize>
              <texture>img/OverlayStripe.png</texture>
            </control>
            <control type="label">
              <posx>30</posx>
              <width>300</width>
              <height>70</height>
              <font>Slider</font>
              <textcolor>White2</textcolor>
              <label>$LOCALIZE[31973] $INFO[ListItem.Season,,.]$INFO[ListItem.Episode]</label>
            </control>
            <control type="image" description="Watched Overlay">
              <posx>357</posx>
              <width>33</width>
              <height>70</height>
              <texture>$VAR[Overlay]</texture>
              <aspectratio>keep</aspectratio>
            </control>
          </control>
        </focusedlayout>
      </control>
      <control type="group">
        <visible>Skin.HasSetting(Episodes_Gallery)</visible>
        <visible allowhiddenfocus="true">Control.HasFocus(7000)</visible>
        <animation effect="fade" delay="200" time="300">Visible</animation>
        <animation effect="fade" time="100">Hidden</animation>
        <control type="button" id="7000">
          <include>HiddenButton</include>
          <onup>57</onup>
          <ondown>57</ondown>
          <onclick>Control.SetFocus(57)</onclick>
          <onleft>Control.Move(57,-1)</onleft>
          <onright>Control.Move(57,1)</onright>
        </control>
        <control type="group" description="Thumb">
          <posx>40</posx>
          <posy>747</posy>
          <control type="image">
            <include>EpisodeShowcaseBG</include>
          </control>
          <control type="image">
            <include>EpisodeShowcaseThumb</include>
          </control>
        </control>
        <control type="image" description="Watched Overlay">
          <posx>406</posx>
          <posy>970</posy>
          <width>33</width>
          <height>70</height>
          <texture>$VAR[Overlay]</texture>
          <aspectratio>keep</aspectratio>
        </control>
        <control type="group" description="Media info">
          <posx>489</posx>
          <posy>678</posy>
          <control type="label" description="Title Label">
            <posy>75</posy>
            <width>1100</width>
            <height>60</height>
            <textcolor>White2</textcolor>
            <font>InfoTitle</font>
            <label>$INFO[ListItem.Label]</label>
          </control>
          <control type="label" description="Details">
            <posy>148</posy>
            <height>33</height>
            <width>1100</width>
            <font>Details</font>
            <label>$VAR[Details]</label>
          </control>
          <control type="textbox" description="Plot">
            <posx>0</posx>
            <posy>189</posy>
            <width>1350</width>
            <height>122</height>
            <align>left</align>
            <label>$VAR[Plots]</label>
          </control>
          <control type="image" description="Stars">
            <posx>-3</posx>
            <posy>318</posy>
            <include>Stars</include>
          </control>
          <control type="image" description="HD badge">
            <visible>![ListItem.IsFolder | IsEmpty(ListItem.VideoResolution) | !IntegerGreaterThan(ListItem.VideoResolution,710)]</visible>
            <posx>120</posx>
            <posy>320</posy>
            <height>24</height>
            <width>90</width>
            <aspectratio aligny="bottom" align="right">keep</aspectratio>
            <texture>badges/HD.png</texture>
          </control>
        </control>
      </control>
      <control type="group">
        <visible>Skin.HasSetting(Episodes_Info)</visible>
        <animation effect="fade" delay="200" time="300">Visible</animation>
        <animation effect="fade" time="100">Hidden</animation>
        <control type="group" description="Media info">
          <posx>1315</posx>
          <posy>-45</posy>
          <control type="label" description="Title Label">
            <posy>78</posy>
            <width>570</width>
            <height>60</height>
            <textcolor>Orange</textcolor>
            <font>InfoTitle</font>
            <scroll>false</scroll>
            <label>$INFO[ListItem.Label]</label>
          </control>
          <control type="label" description="Details">
            <posy>141</posy>
            <height>33</height>
            <width>570</width>
            <font>Details</font>
            <scroll>false</scroll>
            <label>$VAR[Details]</label>
          </control>
          <control type="label" description="Genre">
            <posy>177</posy>
            <height>33</height>
            <width>570</width>
            <font>ListDetails</font>
            <scroll>false</scroll>
            <label>$INFO[ListItem.Season,$LOCALIZE[20373] ]</label>
          </control>
          <control type="textbox" description="Plot">
            <posx>0</posx>
            <posy>234</posy>
            <width>570</width>
            <height>470</height>
            <align>justify</align>
            <label>$VAR[Plots]</label>
          </control>
          <control type="image" description="Stars">
            <visible>![container.content(albums) | container.content(addons)]</visible>
            <posx>0</posx>
            <posy>720</posy>
            <align>right</align>
            <include>Stars</include>
          </control>
          <control type="image" description="Watched Overlay">
            <visible>Container.content(MusicVideos) | Container.Content(Movies)</visible>
            <posx>170</posx>
            <posy>698</posy>
            <width>21</width>
            <height>70</height>
            <texture>$VAR[Overlay]</texture>
            <aspectratio>keep</aspectratio>
          </control>
        </control>
      </control>
      <control type="scrollbar" id="60">
        <animation effect="slide" start="0,0" end="0,-3" time="150">Focus</animation>
        <!--<animation effect="slide" start="0,0" end="0,-90" time="350" easing="out" condition="Control.HasFocus(7000)">Conditional</animation>-->
        <posx>90</posx>
        <posy>1056</posy>
        <width>1750</width>
        <height>36</height>
        <texturesliderbackground>-</texturesliderbackground>
        <texturesliderbar>-</texturesliderbar>
        <texturesliderbarfocus>-</texturesliderbarfocus>
        <textureslidernib border="18">sc/Scroll-bar-horizontal.png</textureslidernib>
        <textureslidernibfocus border="18">sc/Scroll-bar-horizontalfo.png</textureslidernibfocus>
        <showonepage>true</showonepage>
        <orientation>horizontal</orientation>
        <onup>57</onup>
        <onright>noop</onright>
      </control>
    </control>
  </include>
</includes>