<includes>
  <include name="List_Layout">
    <itemlayout condition="![Container.content(MusicVideos) | Container.Content(movies) | container.content(tvshows) | container.content(episodes)]" height="72" width="1210">
      <control type="image">
        <posx>0</posx>
        <posy>0</posy>
        <height>73</height>
        <width>1210</width>
        <texture flipy="true" border="3">list/ListNF.png</texture>
      </control>
      <control type="label">
        <posx>25</posx>
        <posy>0</posy>
        <width>900</width>
        <height>72</height>
        <scroll>false</scroll>
        <label>$INFO[ListItem.Label]</label>
      </control>
      <control type="label">
        <posx>1120</posx>
        <posy>0</posy>
        <width>400</width>
        <height>72</height>
        <scroll>false</scroll>
        <font>Label2</font>
        <textcolor>Grey</textcolor>
        <align>right</align>
        <label>$INFO[ListItem.Label2]</label>
      </control>
      <include>ListWatchedOverlay</include>
    </itemlayout>
    <focusedlayout condition="![Container.content(MusicVideos) | Container.Content(movies) | container.content(tvshows) | container.content(episodes)]" height="72" width="1210">
      <control type="image">
        <posx>0</posx>
        <posy>0</posy>
        <height>73</height>
        <width>1210</width>
        <texture flipy="true" border="3">list/ListNF.png</texture>
      </control>
      <control type="image">
        <posx>0</posx>
        <posy>1</posy>
        <width>1210</width>
        <height>69</height>
        <texture>list/ListFO.png</texture>
      </control>
      <control type="label">
        <posx>25</posx>
        <posy>0</posy>
        <width>900</width>
        <height>72</height>
        <scroll>false</scroll>
        <label>$INFO[ListItem.Label]</label>
        <textcolor>FF1F6C15</textcolor>
      </control>
      <control type="label">
        <posx>1120</posx>
        <posy>0</posy>
        <width>400</width>
        <height>72</height>
        <scroll>false</scroll>
        <font>Label2</font>
        <textcolor>Grey2</textcolor>
        <align>right</align>
        <label>$INFO[ListItem.Label2]</label>
      </control>
      <include>ListWatchedOverlay</include>
    </focusedlayout>
    <itemlayout condition="Container.content(MusicVideos) | Container.Content(movies) | container.content(tvshows) | [Control.IsVisible(54) + container.content(episodes)]" height="72" width="1210">
      <control type="image" description="BG">
        <posy>0</posy>
        <posx>570</posx>
        <width>640</width>
        <height>73</height>
        <texture flipy="true" border="3">list/ListNF.png</texture>
      </control>
      <control type="label" description="Main Label">
        <posx>589</posx>
        <height>72</height>
        <width>520</width>
        <scroll>false</scroll>
        <label>$INFO[ListItem.Label]</label>
      </control>
      <include>ListWatchedOverlay</include>
    </itemlayout>
    <focusedlayout condition="Container.content(MusicVideos) | Container.Content(movies) | container.content(tvshows) | [Control.IsVisible(54) + container.content(episodes)]" height="72" width="1210">
      <control type="image" description="BG">
        <posx>570</posx>
        <width>640</width>
        <height>73</height>
        <texture flipy="true" border="3">list/ListNF.png</texture>
      </control>
      <control type="image" description="BG">
        <posx>570</posx>
        <posy>1</posy>
        <width>640</width>
        <height>69</height>
        <texture>list/ListFO.png</texture>
      </control>
      <control type="label" description="Main Label">
        <posx>589</posx>
        <height>72</height>
        <width>520</width>
        <label>$INFO[ListItem.Label]</label>
        <textcolor>FF1F6C15</textcolor>
      </control>
      <include>ListWatchedOverlay</include>
    </focusedlayout>
    <itemlayout condition="Control.IsVisible(50) + Container.Content(episodes)" height="72" width="1210">
      <control type="image" description="BG">
        <posx>200</posx>
        <width>1010</width>
        <height>73</height>
        <texture flipy="true" border="3">list/ListNF.png</texture>
      </control>
      <control type="label" description="Main Label">
        <posx>219</posx>
        <height>72</height>
        <width>920</width>
        <scroll>false</scroll>
        <label>$INFO[ListItem.Label]</label>
      </control>
      <include>ListWatchedOverlay</include>
    </itemlayout>
    <focusedlayout condition="Control.IsVisible(50) + Container.Content(episodes)" height="72" width="1210">
      <control type="image" description="BG">
        <posx>200</posx>
        <width>1010</width>
        <height>73</height>
        <texture flipy="true" border="3">list/ListNF.png</texture>
      </control>
      <control type="image" description="BG">
        <posx>200</posx>
        <posy>1</posy>
        <width>1010</width>
        <height>69</height>
        <texture>list/ListFO.png</texture>
      </control>
      <control type="label" description="Main Label">
        <posx>219</posx>
        <height>72</height>
        <width>920</width>
        <label>$INFO[ListItem.Label]</label>
      </control>
      <include>ListWatchedOverlay</include>
    </focusedlayout>
  </include>
  <include name="View_50">
    <control type="group">
      <visible>Control.IsVisible(50)</visible>
      <control type="list" id="50">
        <viewtype label="535">List</viewtype>
        <posx>710</posx>
        <posy>406</posy>
        <width>1210</width>
        <height>648</height>
        <pagecontrol>60</pagecontrol>
        <onleft>9000</onleft>
        <onright>60</onright>
        <onup>50</onup>
        <ondown>50</ondown>
        <preloaditems>4</preloaditems>
        <include>List_Layout</include>
      </control>
      <control type="scrollbar" id="60">
        <animation effect="slide" start="0,0" end="-8,0" time="150">Focus</animation>
        <animation effect="slide" start="-8,0" end="0,0" time="300">UnFocus</animation>
        <posx>20r</posx>
        <posy>480</posy>
        <width>36</width>
        <height>576</height>
        <texturesliderbackground>-</texturesliderbackground>
        <texturesliderbar>-</texturesliderbar>
        <texturesliderbarfocus>-</texturesliderbarfocus>
        <textureslidernib border="18">sc/skin-scroll-vertical.png</textureslidernib>
        <textureslidernibfocus border="18">sc/skin-scroll-verticalfo.png</textureslidernibfocus>
        <showonepage>false</showonepage>
        <orientation>vertical</orientation>
        <onleft>50</onleft>
        <onright>9000</onright>
      </control>
    </control>
  </include>
</includes>