<window>
    <defaultcontrol always="true">300</defaultcontrol>
    <controls>
        <control type="group">
            <control type="group">
                <posx>197</posx>
                <posy>230</posy>

                <visible>!Window.IsVisible(numericinput)</visible>
                
                <control type="image">
                    <description>image</description>
                    <posx>0</posx>
                    <posy>-120</posy>
                    <width>1520</width>
                    <height>850</height>
                    <texture border="39">dialogs/TinyDialog.png</texture>
                    <aspectratio>stretch</aspectratio>
                </control>
                <control type="label" id="311">
                    <description>Dialog Header</description>
                    <font>MainLabelBig</font>
                    <posx>36</posx>
                    <posy>-75</posy>
                    <width>1450</width>
                    <height>22</height>
                    <align>center</align>
                    <textcolor>Orange</textcolor>
                </control>
                <control type="image">
                  <posx>36</posx>
                  <posy>-33</posy>
                  <width>1450</width>
                  <height>80</height>
                  <texture border="8">img/WhiteRoundedT.png</texture>
                </control>
                <control type="label" id="310" description="Edit Text">
                  <posx>36</posx>
                  <posy>-33</posy>
                  <width>1450</width>
                  <height> 80 </height>
                  <font>KeyboardText</font>
                  <align>center</align>
                  <aligny>center</aligny>
                  <textcolor>white</textcolor>
                  <scroll>true</scroll>
                </control>

                <!-- Suggestion Row -->
                <control type="group" id="500">
                    <posx>40</posx>
                    <posy>55</posy>
                    <control type="button" id="434">
                        <posx>0</posx>
                        <include>suggestionLabel</include> 
                    </control>
                    <control type="button" id="435">
                        <posx>285</posx>
                        <include>suggestionLabel</include> 
                    </control>
                    <control type="button" id="436">
                        <posx>570</posx>
                        <include>suggestionLabel</include> 
                    </control>
                    <control type="button" id="437">
                        <posx>855</posx>
                        <include>suggestionLabel</include> 
                    </control>
                    <control type="button" id="438">
                        <posx>1140</posx>
                        <include>suggestionLabel</include> 
                    </control>
                </control>
                
            <!-- First Row -->
                <control type="group" id="320">
                    <posx>32</posx>
                    <posy>115</posy>
                    <!--
                    <control type="button" id="307">
                        <description>:IP: button</description>
                        <posx>0</posx>
                        <onleft>48</onleft>
                        <onright>49</onright>
                        <onup>361</onup>
                        <ondown>304</ondown>
                        <label>$LOCALIZE[150]</label>
                        <include>BigKey</include>           
                    </control>
                    -->

                    <!--
                    <control type="radiobutton" id="304">
                        <description>Symbols button</description>
                        <posx>0</posx>
                        <onleft>48</onleft>
                        <onright>49</onright>
                        <onup>361</onup>
                        <ondown>304</ondown>
                        <label>$LOCALIZE[20180]</label>
                        <include>BigKey</include>
                        <radioposx>15</radioposx>
                        <radioposy>15</radioposy>
                        <radiowidth>28</radiowidth>
                        <radioheight>28</radioheight>
                        <textureradioon>dialogs/keyboard/radio-on.png</textureradioon>
                        <textureradiooff>dialogs/keyboard/radio-off.png</textureradiooff>
                    </control>
                  -->

                    <control type="group" id="321">
                        <control type="button" id="49">
                            <description>:1: button</description>
                            <posx>0</posx>
                            <!--<onright>50</onright>
                            <onup>32</onup>
                            <ondown>65</ondown>
                            <onleft>307</onleft>-->
                            <include>SmallKey</include>
                        </control>
                        <control type="button" id="50">
                            <description>:2: button</description>
                            <posx>125</posx>
                            <!--<onleft>49</onleft>
                            <onright>51</onright>
                            <onup>32</onup>
                            <ondown>66</ondown>-->
                            <include>SmallKey</include>
                        </control>
                        <control type="button" id="51">
                            <description>:3: button</description>
                            <posx>250</posx>
                            <!--<onleft>50</onleft>
                            <onright>52</onright>
                            <onup>310</onup>
                            <ondown>67</ondown>-->
                            <include>SmallKey</include>
                        </control>
                        <control type="button" id="52">
                            <description>:4: button</description>
                            <posx>375</posx>
                           <!-- <onleft>51</onleft>
                            <onright>53</onright>
                            <onup>32</onup>
                            <ondown>68</ondown>-->
                            <include>SmallKey</include>
                        </control>
                        <control type="button" id="53">
                            <description>:5: button</description>
                            <posx>500</posx>
                            <!--<onleft>52</onleft>
                            <onright>54</onright>
                            <onup>32</onup>
                            <ondown>69</ondown>-->
                            <include>SmallKey</include>
                        </control>
                        <control type="button" id="54">
                            <description>:6: button</description>
                            <posx>625</posx>
                            <!--<onleft>53</onleft>
                            <onright>55</onright>
                            <onup>32</onup>
                            <ondown>70</ondown>-->
                            <include>SmallKey</include>
                        </control>
                    </control>
                    <control type="group" id="322">
                        <control type="button" id="55">
                            <description>:7: button</description>
                            <posx>750</posx>
                            <!--<onleft>54</onleft>
                            <onright>56</onright>
                            <onup>301</onup>
                            <ondown>71</ondown>-->
                            <include>SmallKey</include>
                        </control>
                        <control type="button" id="56">
                            <description>:8: button</description>
                            <posx>875</posx>
                            <!--<onleft>55</onleft>
                            <onright>57</onright>
                            <onup>301</onup>
                            <ondown>72</ondown>-->
                            <include>SmallKey</include>
                        </control>
                    </control>
                    <control type="group" id="323">
                        <control type="button" id="57">
                            <description>:9: button</description>
                            <posx>1000</posx><!--
                            <!--<onleft>56</onleft>
                            <onright>48</onright>
                            <onup>300</onup>
              -->              <ondown>73</ondown>-->
                            <include>SmallKey</include>
                        </control>
                        <control type="button" id="48">
                            <description>:0: button</description>
                            <posx>1125</posx>
                            <!--<onleft>57</onleft>
                            <onright>307</onright>
                            <onup>300</onup>
                            <ondown>74</ondown>-->
                            <include>SmallKey</include>
                        </control>
                    </control>
                    <control type="button" id="8">
                        <description>:DEL: button</description>
                        <posx>1250</posx>
                        <!--<onleft>90</onleft>
                        <onright>302</onright>
                        <onup>341</onup>
                        <ondown>362</ondown>-->
                        <include>BackSpace</include>
                    </control>
                    
                    <control type="image" description="Delete Backspace img">
                      <posx>1300</posx>
                      <posy>20</posy>
                      <width>99</width>
                      <aligny>center</aligny>
                      <aspectratio>keep</aspectratio>
                      <include>KeyboardButtons</include>
                      <texture>common/KeyButtonDel.png</texture>
                    </control>
                </control>
            <!-- Second Row -->
                <control type="group" id="330">
                    <posx>32</posx>
                    <posy>225</posy>
                    <!--
                    <control type="radiobutton" id="304">
                        <description>Symbols button</description>
                        <posx>0</posx>
                        <onleft>74</onleft>
                        <onright>65</onright>
                        <onup>307</onup>
                        <ondown>303</ondown>
                        <label>$LOCALIZE[20180]</label>
                        <include>BigKey</include>
                        <radioposx>15</radioposx>
                        <radioposy>15</radioposy>
                        <radiowidth>28</radiowidth>
                        <radioheight>28</radioheight>
                        <textureradioon>dialogs/keyboard/radio-on.png</textureradioon>
                        <textureradiooff>dialogs/keyboard/radio-off.png</textureradiooff>
                    </control>
                    -->

                    <control type="radiobutton" id="303">
                        <description>Caps lock</description>
                        <posx>0</posx>
                        <!--<onleft>74</onleft>
                        <onright>65</onright>
                        <onup>307</onup>
                        <ondown>303</ondown>-->
                        <include>CapsKey</include>
                        <radioposx>15</radioposx>
                        <radioposy>15</radioposy>
                        <radiowidth>28</radiowidth>
                        <radioheight>28</radioheight>
                        <textureradioon>dialogs/keyboard/radio-on.png</textureradioon>
                        <textureradiooff>dialogs/keyboard/radio-off.png</textureradiooff>
                    </control>

                    <control type="button" id="81">
                        <description>:a: button</description>
                        <posx>190</posx>
                        <!--<onleft>304</onleft>
                        <onright>66</onright>
                        <onup>49</onup>
                        <ondown>75</ondown>-->
                        <include>SmallKey</include>
                    </control>
                    <control type="button" id="87">
                        <description>:b: button</description>
                        <posx>315</posx>
                        <!--<onleft>65</onleft>
                        <onright>67</onright>
                        <onup>50</onup>
                        <ondown>76</ondown>-->
                        <include>SmallKey</include>
                    </control>
                    <control type="button" id="69">
                        <description>:c: button</description>
                        <posx>440</posx>
                        <!--<onleft>66</onleft>
                        <onright>68</onright>
                        <onup>51</onup>
                        <ondown>77</ondown>-->
                        <include>SmallKey</include>
                    </control>
                    <control type="button" id="82">
                        <description>:d: button</description>
                        <posx>565</posx>
                        <!--<onleft>67</onleft>
                        <onright>69</onright>
                        <onup>52</onup>
                        <ondown>78</ondown>-->
                        <include>SmallKey</include>
                    </control>
                    <control type="button" id="84">
                        <description>:e: button</description>
                        <posx>690</posx>
                        <!--<onleft>68</onleft>
                        <onright>70</onright>
                        <onup>53</onup>
                        <ondown>79</ondown>-->
                        <include>SmallKey</include>
                    </control>
                    <control type="button" id="89">
                        <description>:f: button</description>
                        <posx>815</posx>
                        <!--<onleft>69</onleft>
                        <onright>71</onright>
                        <onup>54</onup>
                        <ondown>80</ondown>-->
                        <include>SmallKey</include>
                    </control>
                    <control type="button" id="85">
                        <description>:g: button</description>
                        <posx>940</posx>
                        <!--<onleft>70</onleft>
                        <onright>72</onright>
                        <onup>55</onup>
                        <ondown>81</ondown>-->
                        <include>SmallKey</include>
                    </control>
                    <control type="button" id="73">
                        <description>:h: button</description>
                        <posx>1065</posx>
                        <!--<onleft>71</onleft>
                        <onright>73</onright>
                        <onup>56</onup>
                        <ondown>82</ondown>-->
                        <include>SmallKey</include>
                    </control>
                    <control type="button" id="79">
                        <description>:i: button</description>
                        <posx>1190</posx>
                        <!--<onleft>72</onleft>
                        <onright>74</onright>
                        <onup>57</onup>
                        <ondown>83</ondown>-->
                        <include>SmallKey</include>
                    </control>
                    <control type="button" id="80">
                        <description>:j: button</description>
                        <posx>1315</posx>
                        <!--<onleft>73</onleft>
                        <onright>304</onright>
                        <onup>48</onup>
                        <ondown>84</ondown>-->
                        <include>SmallKey</include>
                    </control>
                </control>
            <!-- Third Row -->
                <control type="group" id="340">
                    <posx>32</posx>
                    <posy>335</posy>
                    <!-- Caps Lock was here -->
                    <control type="radiobutton" id="302">
                        <description>:Shift: button</description>
                        <posx>0</posx>
                        <!--<onleft>8</onleft>
                        <onright>85</onright>
                        <onup>303</onup>
                        <ondown>361</ondown-->>
                        <include>ShiftKey</include>
                        <radioposx>15</radioposx>
                        <radioposy>15</radioposy>
                        <radiowidth>28</radiowidth>
                        <radioheight>28</radioheight>
                        <textureradioon>dialogs/keyboard/radio-on.png</textureradioon>
                        <textureradiooff>dialogs/keyboard/radio-off.png</textureradiooff>
                    </control>
                    <control type="button" id="65">
                        <description>:k: button</description>
                        <posx>240</posx>
                        <!--<onleft>303</onleft>
                        <onright>76</onright>
                        <onup>65</onup>
                        <ondown>85</ondown>-->
                        <include>SmallKey</include>
                    </control>
                    <control type="button" id="83">
                        <description>:l: button</description>
                        <posx>365</posx>
                        <!--<onleft>75</onleft>
                        <onright>77</onright>
                        <onup>66</onup>
                        <ondown>86</ondown>-->
                        <include>SmallKey</include>
                    </control>
                    <control type="button" id="68">
                        <description>:m: button</description>
                        <posx>490</posx>
                        <!--<onleft>76</onleft>
                        <onright>78</onright>
                        <onup>67</onup>
                        <ondown>87</ondown>-->
                        <include>SmallKey</include>
                    </control>
                    <control type="button" id="70">
                        <description>:n: button</description>
                        <posx>615</posx>
                        <!--<onleft>77</onleft>
                        <onright>79</onright>
                        <onup>68</onup>
                        <ondown>88</ondown>-->
                        <include>SmallKey</include>
                    </control>
                    <control type="button" id="71">
                        <description>:o: button</description>
                        <posx>740</posx>
                        <!--<onleft>78</onleft>
                        <onright>80</onright>
                        <onup>69</onup>
                        <ondown>89</ondown>-->
                        <include>SmallKey</include>
                    </control>
                    <control type="button" id="72">
                        <description>:p: button</description>
                        <posx>865</posx>
                        <!--<onleft>79</onleft>
                        <onright>81</onright>
                        <onup>70</onup>
                        <ondown>90</ondown>-->
                        <include>SmallKey</include>
                    </control>
                    <control type="group" id="341">
                        <control type="button" id="74">
                            <description>:q: button</description>
                            <posx>990</posx>
                            <!--<onleft>80</onleft>
                            <onright>82</onright>
                            <onup>71</onup>
                            <ondown>8</ondown>-->                            
                            <include>SmallKey</include>
                        </control>
                        <control type="button" id="75">
                            <description>:r: button</description>
                            <posx>1115</posx>
                            <!--<onleft>81</onleft>
                            <onright>83</onright>
                            <onup>72</onup>
                            <ondown>8</ondown>-->                            
                            <include>SmallKey</include>
                        </control>
                        <control type="button" id="76">
                            <description>:s: button</description>
                            <posx>1240</posx>
                            <!--<onleft>82</onleft>
                            <onright>84</onright>
                            <onup>73</onup>
                            <ondown>8</ondown>-->                            
                            <include>SmallKey</include>
                        </control>
                        <!--
                        <control type="button" id="84">
                            <description>:t: button</description>
                            <posx>919</posx>
                            <onleft>83</onleft>
                            <onright>303</onright>
                            <onup>74</onup>
                            <ondown>8</ondown>
                            <include>SmallKey</include>
                        </control>
                        -->
                    </control>
                </control>
            <!-- Fourth Row -->
                <control type="group" id="350">
                    <posx>32</posx>
                    <posy>445</posy>
                    <control type="group" id="361">
                        <control type="button" id="305">
                            <description>:move left: button</description>
                            <posx>0</posx>
                            <!--<onleft>300</onleft>
                            <onright>306</onright>
                            <onup>302</onup>
                            <ondown>307</ondown>-->
                            <textoffsety>15</textoffsety>
                            <include>MediumKeyLarr</include>
                        </control>
                        <control type="button" id="306">
                            <description>:move right: button</description>
                            <posx>120</posx>
                            <!--<onleft>305</onleft>
                            <onright>32</onright>
                            <onup>302</onup>
                            <ondown>307</ondown>-->
                            <textoffsety>15</textoffsety>
                            <include>MediumKeyRarr</include>
                        </control>
                    </control>
                    <control type="group" id="351">
                        <control type="button" id="90">
                            <description>:z: button</description>
                            <posx>233</posx>
                            <!--<onleft>302</onleft>
                            <onright>86</onright>
                            <onup>75</onup>
                            <ondown>32</ondown>
-->                            <include>SmallKey</include>
                        </control>
                        <control type="button" id="88">
                            <description>:x: button</description>
                            <posx>360</posx>
                            <!--<onleft>85</onleft>
                            <onright>87</onright>
                            <onup>76</onup>
                            <ondown>32</ondown>
-->                            <include>SmallKey</include>
                        </control>
                        <control type="button" id="67">
                            <description>:c: button</description>
                            <posx>487</posx>
                            <!--<onleft>86</onleft>
                            <onright>88</onright>
                            <onup>77</onup>
                            <ondown>32</ondown>
-->                            <include>SmallKey</include>
                        </control>
                        <control type="button" id="86">
                            <description>:v: button</description>
                            <posx>612</posx>
                            <!--<onleft>87</onleft>
                            <onright>89</onright>
                            <onup>78</onup>
                            <ondown>32</ondown>
-->                            <include>SmallKey</include>
                        </control>
                        <control type="button" id="66">
                            <description>:b: button</description>
                            <posx>739</posx>
                            <!--<onleft>88</onleft>
                            <onright>90</onright>
                            <onup>79</onup>
                            <ondown>32</ondown>
-->                            <include>SmallKey</include>
                        </control>
                        <control type="button" id="78">
                            <description>:n: button</description>
                            <posx>866</posx>
                            <!--<onleft>89</onleft>
                            <onright>8</onright>
                            <onup>80</onup>
                            <ondown>32</ondown>
-->                            <include>SmallKey</include>
                        </control>
                        <control type="button" id="77">
                            <description>:m: button</description>
                            <posx>993</posx>
                            <!--<onleft>89</onleft>
                            <onright>8</onright>
                            <onup>80</onup>
                            <ondown>32</ondown>
-->                            <include>SmallKey</include>
                        </control>
                    </control>

                    <control type="radiobutton" id="304">
                        <description>Symbols button</description>
                        <posx>1120</posx>
                        <!--<onleft>48</onleft>
                        <onright>49</onright>
                        <onup>361</onup>
                        <ondown>304</ondown>-->
                        <label>$LOCALIZE[20180]</label>
                        <include>BigKey</include>
                        <radioposx>15</radioposx>
                        <radioposy>15</radioposy>
                        <radiowidth>28</radiowidth>
                        <radioheight>28</radioheight>
                        <textureradioon>dialogs/keyboard/radio-on.png</textureradioon>
                        <textureradiooff>dialogs/keyboard/radio-off.png</textureradiooff>
                    </control>
                    <!--
                    <control type="button" id="8">
                        <description>:DEL: button</description>
                        <posx>1065</posx>
                        <onleft>90</onleft>
                        <onright>302</onright>
                        <onup>341</onup>
                        <ondown>362</ondown>
                        <include>BackSpace</include>
                    </control>
                    
                    <control type="image" description="Delete Backspace img">
                      <posx>1065</posx>
                      <width>99</width>
                      <aspectratio>keep</aspectratio>
                      <include>KeyboardButtons</include>
                      <texture>common/KeyButtonDel.png</texture>
                    </control>
                    -->
                </control>
            <!-- Fifth Row -->
                <control type="group" id="360">
                    <posx>32</posx>
                    <posy>555</posy>
                    <control type="group">
                      <control type="button" id="301">
                              <description>Cancel button</description>
                              <posx>0</posx>
                              <!--<onleft>32</onleft>
                              <onright>300</onright>
                              <onup>8</onup>
                              <ondown>322</ondown>-->
                              <label>[UPPERCASE]Cancel[/UPPERCASE]</label>
                              <include>DoubleKeyCancel</include>
                      </control>
                    </control>
                    <control type="button" id="32">
                        <description>:space: button</description>
                        <posx>250</posx>
                        <!--<onleft>306</onleft>
                        <onright>301</onright>
                        <onup>351</onup>
                        <ondown>321</ondown>
  -->                      <include>SpaceBar</include>
                    </control>
                    <control type="group" id="362">
                        <control type="button" id="300">
                            <description>Done button</description>
                            <posx>1197</posx>
                            <!--<onleft>301</onleft>
                            <onright>305</onright>
                            <onup>8</onup>
                            <ondown>323</ondown>-->
                            <label>[UPPERCASE]Done[/UPPERCASE]</label>
                            <include>DoubleKeyDone</include>
                            <onclick>SetProperty(Clear,1)</onclick>
                            <onclick condition="!IsEmpty(Window(Home).Property(actor.search))">RunScript(script.metadata.actors,$INFO[Control.GetLabel(310)])</onclick>
                        </control>
                    </control>
                </control>
            </control>
        </control>
    </controls>
</window>