<window type="dialog">
  <defaultcontrol always="true">8</defaultcontrol>
  <coordinates>
    <system>1</system>
    <posx>0</posx>
    <posy>0</posy>
  </coordinates>
  <animation effect="fade" time="200">WindowOpen</animation>
  <animation effect="fade" time="150">WindowClose</animation>
  <controls>
    <control type="image">
      <posx>0</posx>
      <posy>0</posy>
      <width>1920</width>
      <height>1080</height>
      <texture>img/BlackDot.png</texture>
      <aspectratio>scale</aspectratio>
    </control>
	<control type="image">
      <posx>0</posx>
      <posy>0</posy>
      <width>1920</width>
      <height>1080</height>
      <texture background="true">$INFO[ListItem.Art(fanart)]</texture>
      <aspectratio>scale</aspectratio>
    </control>
    <control type="image">
      <description>background image</description>
      <posx>729</posx>
      <posy>0</posy>
      <width>1192</width>
      <height>1080</height>
      <texture>info/InfoRightPanelTop2.png</texture>
    </control>
    <control type="image" description="Cover">
      <visible>!Container.Content(episodes)</visible>
      <posx>0</posx>
      <posy>0</posy>
      <width>729</width>
      <height>1080</height>
      <texture background="true">$INFO[ListItem.Art(thumb)]</texture>
      <aspectratio>stretch</aspectratio>
    </control>
    <control type="image" description="Episodes Season Poster">
      <visible>Container.Content(episodes) + !IsEmpty(ListItem.Art(tvshow.poster))</visible>
      <posx>0</posx>
      <posy>0</posy>
      <width>729</width>
      <height>1080</height>
      <texture background="true">$INFO[ListItem.Art(tvshow.poster)]</texture>
      <aspectratio>stretch</aspectratio>
    </control>
    <control type="image" description="Episodes Season Poster">
      <visible>Container.Content(episodes) + IsEmpty(ListItem.Art(tvshow.poster))</visible>
      <posx>0</posx>
      <posy>0</posy>
      <width>729</width>
      <height>1080</height>
      <texture background="true">$INFO[ListItem.Thumb]</texture>
      <aspectratio>scale</aspectratio>
    </control>
    <control type="group" description="Media Info">
      <control type="group" description="top">
        <posx>810</posx>
        <posy>60</posy>
        <control type="label" description="Main Label">
          <posy>-45</posy>
          <width>800</width>
          <height>60</height>
          <font>InfoTitle</font>
          <textcolor>White2</textcolor>
          <align>left</align>
          <autoscroll time="6000" delay="8000" repeat="8000">true</autoscroll>
          <info>ListItem.Label</info>
        </control>
        <control type="label" description="Path Label">
          <posy>980</posy>
          <width>999</width>
          <height>40</height>
          <font>InfoPath</font>
          <textcolor>Grey</textcolor>
          <align>left</align>
          <haspath>true</haspath>
          <info>ListItem.Path</info>
        </control>
        <control type="image" description="Stars rating">
          <posx>860</posx>
          <posy>-35</posy>
          <height>50</height>
          <width>139</width>
          <aspectratio aligny="center" align="right">keep</aspectratio>
          <texture>$INFO[ListItem.Rating,badges/,.png]</texture>
        </control>
        <control type="image" description="Line Split">
          <posx>0</posx>
          <posy>23</posy>
          <width>999</width>
          <height>1</height>
          <texture>img/LineL.png</texture>
          <aspectratio>stretch</aspectratio>
        </control>
        <control type="group" description="List Info">
          <posx>0</posx>
          <posy>30</posy>
          <control type="group">
            <visible>![container.content(tvshows) | container.content(episodes) | SubString(Container.FolderPath,videodb://3,left)]</visible>
            <include>VisibleFadeEffectDelay</include>
            <control type="panel" id="9009">
              <include>List_9009_Commons</include>
              <content>
                <item>
                  <label>$LOCALIZE[20376]:</label>
                  <label2>$INFO[ListItem.OriginalTitle]</label2>
                  <onclick>noop</onclick>
                  <visible>!IsEmpty(ListItem.OriginalTitle) + !stringcompare(ListItem.OriginalTitle,Listitem.Title)</visible>
                </item>
                <item>
                  <label>$LOCALIZE[20339]:</label>
                  <label2>$INFO[ListItem.Director]</label2>
                  <onclick>SendClick(2003,13)</onclick>
                  <visible>!IsEmpty(ListItem.Director)</visible>
                </item>
                <item>
                  <label>$LOCALIZE[20417]:</label>
                  <label2>$INFO[ListItem.Writer]</label2>
                  <onclick>noop</onclick>
                  <visible>!IsEmpty(ListItem.Writer)</visible>
                </item>
                <item>
                  <label>$LOCALIZE[572]:</label>
                  <label2>$INFO[ListItem.Studio]</label2>
                  <onclick>noop</onclick>
                  <visible>!IsEmpty(ListItem.Studio)</visible>
                </item>
                <item>
                  <label>$LOCALIZE[515]:</label>
                  <label2>$INFO[ListItem.Genre]</label2>
                  <onclick>noop</onclick>
                  <visible>!IsEmpty(ListItem.Genre)</visible>
                </item>
                <item>
                  <label>$LOCALIZE[562]:</label>
                  <label2>$INFO[ListItem.Year]</label2>
                  <onclick>noop</onclick>
                  <visible>!IsEmpty(ListItem.Year)</visible>
                </item>
                <item>
                  <label>$LOCALIZE[2050]:</label>
                  <label2>$INFO[ListItem.Duration] $LOCALIZE[12391]</label2>
                  <onclick>noop</onclick>
                  <visible>!IsEmpty(ListItem.Duration)</visible>
                </item>
                <item>
                  <label>$LOCALIZE[563]:</label>
                  <label2>$INFO[ListItem.RatingAndVotes]</label2>
                  <onclick>noop</onclick>
                  <visible>!IsEmpty(ListItem.RatingAndVotes)</visible>
                </item>
                <item>
                  <label>$LOCALIZE[20074]:</label>
                  <label2>$INFO[ListItem.mpaa]</label2>
                  <onclick>noop</onclick>
                  <visible>!IsEmpty(ListItem.mpaa)</visible>
                </item>
              </content>
            </control>
          </control>
          <control type="group" description="TV Shows">
            <visible>Container.Content(TVShows)</visible>
            <include>VisibleFadeEffectDelay</include>
            <control type="panel" id="9009">
              <include>List_9009_Commons</include>
              <content>
                <item>
                  <label>$LOCALIZE[20360]:</label>
                  <label2>$INFO[listitem.episode] [COLOR=Grey] ($INFO[ListItem.Property(WatchedEpisodes),, $LOCALIZE[16102]] - $INFO[ListItem.Property(UnWatchedEpisodes), , $LOCALIZE[16101]])[/COLOR]</label2>
                  <onclick>noop</onclick>
                  <visible>!IsEmpty(ListItem.Episode)</visible>
                </item>
                <item>
                  <label>$LOCALIZE[31322]:</label>
                  <label2>$INFO[ListItem.Premiered]</label2>
                  <onclick>noop</onclick>
                  <visible>!IsEmpty(ListItem.Premiered)</visible>
                </item>
                <item>
                  <label>$LOCALIZE[515]:</label>
                  <label2>$INFO[ListItem.Genre]</label2>
                  <onclick>noop</onclick>
                  <visible>!IsEmpty(ListItem.Genre)</visible>
                </item>
                <item>
                  <label>$LOCALIZE[562]:</label>
                  <label2>$INFO[ListItem.Year]</label2>
                  <onclick>noop</onclick>
                  <visible>!IsEmpty(ListItem.Year)</visible>
                </item>
                <item>
                  <label>$LOCALIZE[563]:</label>
                  <label2>$INFO[ListItem.Rating]</label2>
                  <onclick>noop</onclick>
                  <visible>!IsEmpty(ListItem.Rating)</visible>
                </item>
              </content>
            </control>
          </control>
          <control type="group" description="Episodes">
            <visible>container.content(episodes)</visible>
            <include>VisibleFadeEffectDelay</include>
            <control type="panel" id="9009">
              <include>List_9009_Commons</include>
              <content>
                <item>
                  <label>$LOCALIZE[20364]:</label>
                  <label2>$INFO[ListItem.TVShowTitle]</label2>
                  <onclick>noop</onclick>
                  <visible>!IsEmpty(ListItem.TVShowTitle)</visible>
                </item>
                <item>
                  <label>$LOCALIZE[20373]:</label>
                  <label2>$INFO[ListItem.Season]</label2>
                  <onclick>noop</onclick>
                  <visible>!IsEmpty(ListItem.Season)</visible>
                </item>
                <item>
                  <label>$LOCALIZE[31322]:</label>
                  <label2>$INFO[ListItem.Premiered]</label2>
                  <onclick>noop</onclick>
                  <visible>!IsEmpty(ListItem.Premiered)</visible>
                </item>
                <item>
                  <label>$LOCALIZE[515]:</label>
                  <label2>$INFO[ListItem.Genre]</label2>
                  <onclick>noop</onclick>
                  <visible>!IsEmpty(ListItem.Genre)</visible>
                </item>
                <item>
                  <label>$LOCALIZE[20339]:</label>
                  <label2>$INFO[ListItem.Director]</label2>
                  <onclick>SendClick(2003,13)</onclick>
                  <visible>!IsEmpty(ListItem.Director)</visible>
                </item>
                <item>
                  <label>$LOCALIZE[20417]:</label>
                  <label2>$INFO[ListItem.Writer]</label2>
                  <onclick>noop</onclick>
                  <visible>!IsEmpty(ListItem.Writer)</visible>
                </item>
                <item>
                  <label>$LOCALIZE[562]:</label>
                  <label2>$INFO[ListItem.Year]</label2>
                  <onclick>noop</onclick>
                  <visible>!IsEmpty(ListItem.Year)</visible>
                </item>
                <item>
                  <label>$LOCALIZE[2050]:</label>
                  <label2>$INFO[ListItem.Duration] $LOCALIZE[12391]</label2>
                  <onclick>noop</onclick>
                  <visible>!IsEmpty(ListItem.Duration)</visible>
                </item>
                <item>
                  <label>$LOCALIZE[563]:</label>
                  <label2>$INFO[ListItem.Rating]</label2>
                  <onclick>noop</onclick>
                  <visible>!IsEmpty(ListItem.Rating)</visible>
                </item>
              </content>
            </control>
          </control>
          <control type="group" description="Music Videos">
            <visible>SubString(Container.FolderPath,videodb://3,left)</visible>
            <include>VisibleFadeEffectDelay</include>
            <control type="panel" id="9009">
              <include>List_9009_Commons</include>
              <content>
                <item>
                  <label>$LOCALIZE[557]:</label>
                  <label2>$INFO[ListItem.Artist]</label2>
                  <onclick>noop</onclick>
                  <visible>!IsEmpty(ListItem.Artist)</visible>
                </item>
                <item>
                  <label>$LOCALIZE[558]:</label>
                  <label2>$INFO[ListItem.Album]</label2>
                  <onclick>noop</onclick>
                  <visible>!IsEmpty(ListItem.Album)</visible>
                </item>
                <item>
                  <label>$LOCALIZE[515]:</label>
                  <label2>$INFO[ListItem.Genre]</label2>
                  <onclick>noop</onclick>
                  <visible>!IsEmpty(ListItem.Genre)</visible>
                </item>
                <item>
                  <label>$LOCALIZE[572]:</label>
                  <label2>$INFO[ListItem.Studio]</label2>
                  <onclick>noop</onclick>
                  <visible>!IsEmpty(ListItem.Studio)</visible>
                </item>
                <item>
                  <label>$LOCALIZE[20417]:</label>
                  <label2>$INFO[ListItem.Writer]</label2>
                  <onclick>noop</onclick>
                  <visible>!IsEmpty(ListItem.Writer)</visible>
                </item>
                <item>
                  <label>$LOCALIZE[20339]:</label>
                  <label2>$INFO[ListItem.Director]</label2>
                  <onclick>noop</onclick>
                  <visible>!IsEmpty(ListItem.Director)</visible>
                </item>
                <item>
                  <label>$LOCALIZE[562]:</label>
                  <label2>$INFO[ListItem.Year]</label2>
                  <onclick>noop</onclick>
                  <visible>!IsEmpty(ListItem.Year)</visible>
                </item>
                <item>
                  <label>$LOCALIZE[2050]:</label>
                  <label2>$INFO[ListItem.Duration] $LOCALIZE[12391]</label2>
                  <onclick>noop</onclick>
                  <visible>!IsEmpty(ListItem.Duration)</visible>
                </item>
              </content>
            </control>
          </control>
        </control>
        <control type="textbox" description="Plot">
          <visible>![Control.HasFocus(9012) | Control.HasFocus(50) | Control.HasFocus(10) | Control.HasFocus(12)]</visible>
          <include>VisibleFadeEffectDelay</include>
          <posx>0</posx>
          <posy>500</posy>
          <width>999</width>
          <height>388</height>
          <align>justify</align>
          <font>InfoPlot</font>
          <autoscroll delay="15000" time="5000" repeat="10000">true</autoscroll>
          <label>$VAR[Plots]</label>
        </control>
        <control type="image" description="Line Split">
          <posx>0</posx>
          <posy>426</posy>
          <width>999</width>
          <height>1</height>
          <texture>img/LineL.png</texture>
          <aspectratio>stretch</aspectratio>
        </control>
        <control type="image" description="Line Split">
          <posx>0</posx>
          <posy>917</posy>
          <width>999</width>
          <height>1</height>
          <texture>img/LineL.png</texture>
          <aspectratio>stretch</aspectratio>
        </control>
        <control type="grouplist" description="Flags">
          <posx>0</posx>
          <posy>928</posy>
          <width min="90" max="900">auto</width>
          <height>45</height>
          <itemgap>30</itemgap>
          <orientation>horizontal</orientation>
          <align>left</align>
          <aligny>center</aligny>
          <control type="button">
            <visible>!IsEmpty(ListItem.VideoResolution)</visible>
            <height>36</height>
            <width>102</width>
            <posx>0</posx>
            <posy>0</posy>
            <font>Flags</font>
            <align>center</align>
            <textoffsetx>0</textoffsetx>
            <colordiffuse>Silver</colordiffuse>
            <texturenofocus>badges/video/ResFrame.png</texturenofocus>
            <texturefocus>badges/video/ResFrame.png</texturefocus>
            <label>$INFO[ListItem.VideoResolution]</label>
          </control>
          <control type="image">
            <visible>!IsEmpty(ListItem.VideoCodec)</visible>
            <height>36</height>
            <width>102</width>
            <aspectratio>keep</aspectratio>
            <colordiffuse>Silver</colordiffuse>
            <texture aligny="top">$INFO[ListItem.VideoCodec,badges/video/,.png]</texture>
          </control>
          <control type="image">
            <visible>!IsEmpty(ListItem.AudioChannels)</visible>
            <height>36</height>
            <width>102</width>
            <aspectratio>keep</aspectratio>
            <colordiffuse>Silver</colordiffuse>
            <texture>$INFO[ListItem.AudioChannels,badges/channels,.png]</texture>
          </control>
          <control type="image">
            <visible>!IsEmpty(ListItem.AudioCodec)</visible>
            <height>36</height>
            <width>102</width>
            <aspectratio>keep</aspectratio>
            <colordiffuse>Silver</colordiffuse>
            <texture>$INFO[ListItem.AudioCodec,badges/audio/,.png]</texture>
          </control>
          <control type="button">
            <visible>!IsEmpty(ListItem.VideoAspect)</visible>
            <height>36</height>
            <width>102</width>
            <posx>0</posx>
            <posy>0</posy>
            <font>Flags</font>
            <align>center</align>
            <textoffsetx>0</textoffsetx>
            <colordiffuse>Silver</colordiffuse>
            <texturenofocus>badges/video/FlagFrame.png</texturenofocus>
            <texturefocus>badges/video/FlagFrame.png</texturefocus>
            <label>$INFO[ListItem.VideoAspect]</label>
          </control>
        </control>
        <control type="image" description="Line Split">
          <posx>0</posx>
          <posy>973</posy>
          <width>999</width>
          <height>1</height>
          <texture>img/LineL.png</texture>
          <aspectratio>stretch</aspectratio>
        </control>
      </control>
    </control>
    <control type="group" description="Options">
      <posy>0</posy>
      <posx>810</posx>
      <control type="grouplist">
        <posx>0</posx>
        <posy>485</posy>
        <width>999</width>
        <height>54</height>
        <itemgap>0</itemgap>
        <align>center</align>
        <orientation>horizontal</orientation>
        <control type="button" id="299" description="Cinema">
          <visible>Container.Content(Movies) + system.hasaddon(script.cinema.experience)</visible>
          <height>54</height>
          <width>250</width>
          <align>center</align>
          <font>Details</font>
          <label>$LOCALIZE[31005]</label>
          <textcolor>White</textcolor>
          <focusedcolor>Orange</focusedcolor>
          <texturefocus>-</texturefocus>
          <onclick>Dialog.Close(all,true)</onclick>
          <onclick>Playlist.Clear</onclick>
          <onclick>RunScript(script.cinema.experience)</onclick>
        </control>
        <control type="togglebutton" id="8" description="Play/browse to Show">
          <height>54</height>
          <width>230</width>
          <align>center</align>
          <font>Details</font>
          <label>$LOCALIZE[208]</label>
          <altlabel>$LOCALIZE[1024]</altlabel>
          <textcolor>White</textcolor>
          <focusedcolor>Orange</focusedcolor>
          <texturefocus>-</texturefocus>
          <alttexturefocus>-</alttexturefocus>
          <usealttexture>Container.Content(TVShows)</usealttexture>
        </control>
        <control type="button" id="11" description="Trailer">
          <height>54</height>
          <width>230</width>
          <font>Details</font>
          <align>center</align>
          <label>$LOCALIZE[20410]</label>
          <textcolor>White</textcolor>
          <focusedcolor>Orange</focusedcolor>
          <texturefocus>-</texturefocus>
          <visible>!IsEmpty(ListItem.Trailer)</visible>
          <pulseonselect>true</pulseonselect>
        </control>
        <control type="button" id="9012" description="Actors">
          <height>54</height>
          <width>230</width>
          <ondown>50</ondown>
          <align>center</align>
          <font>Details</font>
          <textcolor>White</textcolor>
          <focusedcolor>Orange</focusedcolor>
          <label>$LOCALIZE[344]</label>
          <onclick>Control.SetFocus(50)</onclick>
          <texturefocus>-</texturefocus>
          <alttexturefocus>-</alttexturefocus>
        </control>
        <control type="button" id="6" description="Refresh">
          <height>54</height>
          <width>230</width>
          <align>center</align>
          <font>Details</font>
          <textcolor>White</textcolor>
          <focusedcolor>Orange</focusedcolor>
          <label>$LOCALIZE[184]</label>
          <texturefocus>-</texturefocus>
        </control>
        <control type="button" id="10" description="Get Art">
          <height>54</height>
          <width>230</width>
          <align>center</align>
          <font>Details</font>
          <textcolor>White</textcolor>
          <focusedcolor>Orange</focusedcolor>
          <label>$LOCALIZE[13511]</label>
          <texturefocus>-</texturefocus>
        </control>
      </control>
      <control type="image" description="Line Split">
        <posx>0</posx>
        <posy>537</posy>
        <width>999</width>
        <height>1</height>
        <texture>img/LineL.png</texture>
        <aspectratio>stretch</aspectratio>
      </control>
    </control>
    <control type="group">
      <visible>Control.HasFocus(9012) | Control.HasFocus(50)</visible>
      <include>VisibleFadeEffectDelay</include>
      <control type="panel" id="50">
        <posx>1092</posx>
        <posy>580</posy>
        <width>700</width>
        <height>360</height>
        <onleft>8</onleft>
        <onright>8</onright>
        <onup>8</onup>
        <ondown>50</ondown>
        <viewtype label="">list</viewtype>
        <scrolltime>200</scrolltime>
        <orientation>vertical</orientation>
        <itemlayout height="40" width="700">
          <control type="label">
            <posx>20</posx>
            <posy>0</posy>
            <width>660</width>
            <height>40</height>
            <align>left</align>
            <aligny>center</aligny>
            <scroll>false</scroll>
            <font>InfoPlot</font>
            <info>ListItem.Label</info>
          </control>
        </itemlayout>
        <focusedlayout height="40" width="700">
          <control type="image">
            <posx>0</posx>
            <posy>0</posy>
            <width>700</width>
            <height>40</height>
            <texture border="2">buttons/ButtonFO.png</texture>
            <visible>Control.HasFocus(50)</visible>
          </control>
          <control type="label">
            <posx>20</posx>
            <posy>0</posy>
            <width>660</width>
            <height>40</height>
            <font>InfoPlot</font>
            <align>left</align>
            <aligny>center</aligny>
            <textcolor>Orange</textcolor>
            <info>ListItem.Label</info>
          </control>
        </focusedlayout>
      </control>
      <control type="image">
        <posx>810</posx>
        <posy>582</posy>
        <width>249</width>
        <height>360</height>
        <texture>$INFO[Container(50).ListItem.Thumb]</texture>
        <include>ThumbBorder</include>
        <aspectratio aligny="top">scale</aspectratio>
      </control>
    </control>
    <control type="image" description="Current thumb">
      <visible>Control.HasFocus(10)</visible>
      <include>VisibleFadeEffectDelay</include>
      <posx>813</posx>
      <posy>590</posy>
      <width>999</width>
      <height>340</height>
      <texture>$INFO[ListItem.Art(thumb)]</texture>
      <include>ThumbBorder</include>
      <aspectratio>keep</aspectratio>
    </control>
    <control type="image" description="Current FA">
      <visible>Control.HasFocus(12)</visible>
      <include>VisibleFadeEffectDelay</include>
      <posx>813</posx>
      <posy>590</posy>
      <width>999</width>
      <height>340</height>
      <texture>$INFO[ListItem.Art(fanart)]</texture>
      <include>ThumbBorder</include>
      <aspectratio>keep</aspectratio>
    </control>
  </controls>
</window>