<fonts>
  <fontset id="Default" unicode="true" idloc="31390">
    <font>
      <name>MainMenu</name>
      <filename>BebasNeue.ttf</filename>
      <size>88</size>
    </font>
    <font>
      <name>MainMenuVerticalFO</name>
      <filename>BebasNeue.ttf</filename>
      <size>74</size>
    </font>
    <font>
      <name>MainMenuVertical</name>
      <filename>BebasNeue.ttf</filename>
      <size>48</size>
    </font>
    <font>
      <name>WeatherTitle</name>
      <filename>BebasNeue.ttf</filename>
      <size>45</size>
    </font>
    <font>
      <name>Logo</name>
      <filename>BebasNeue.ttf</filename>
      <size>60</size>
    </font>
    <font>
      <name>Volume</name>
      <filename>BebasNeue.ttf</filename>
      <size>42</size>
    </font>
    <font>
      <name>SysInfo</name>
      <filename>UbuntuCondensed.ttf</filename>
      <size>27</size>
      <style>Bold</style>
    </font>
    <font>
      <name>ExtProgressBar</name>
      <filename>UbuntuCondensed.ttf</filename>
      <size>18</size>
    </font>
    <font>
      <name>ExtProgressBar2</name>
      <filename>UbuntuCaps.ttf</filename>
      <size>19</size>
    </font>
    <font>
      <name>GridItems</name>
      <filename>UbuntuCaps.ttf</filename>
      <size>22</size>
    </font>
    <font>
      <name>Progress</name>
      <filename>BebasNeue.ttf</filename>
      <size>46</size>
    </font>
    <font>
      <name>rss</name>
      <filename>UbuntuCaps.ttf</filename>
      <size>23</size>
    </font>
    <font>
      <name>info</name>
      <filename>UbuntuCaps.ttf</filename>
      <size>28</size>
    </font>
    <font>
      <name>Year</name>
      <filename>BebasNeue.ttf</filename>
      <size>32</size>
    </font>
    <font>
      <name>Slider</name>
      <filename>BebasNeue.ttf</filename>
      <size>32</size>
    </font>
    <font>
      <name>Flags</name>
      <filename>BebasNeue.ttf</filename>
      <size>28</size>
    </font>
    <font>
      <name>ItemCount</name>
      <filename>UbuntuCaps.ttf</filename>
      <size>22</size>
    </font>
    <font>
      <name>Sublist</name>
      <filename>UbuntuCaps.ttf</filename>
      <size>30</size>
    </font>
    <font>
      <name>MainLabelBig</name>
      <filename>UbuntuCaps.ttf</filename>
      <size>39</size>
      <style>bold</style>
    </font>
    <font>
      <name>MainLabelBigTitle</name>
      <filename>UbuntuCaps.ttf</filename>
      <size>44</size>
      <style>bold</style>
    </font>
    <font>
      <name>InfoTitle</name>
      <filename>UbuntuCaps.ttf</filename>
      <size>36</size>
      <style>bold</style>
    </font>
    <font>
      <name>ListDetails</name>
      <filename>UbuntuCaps.ttf</filename>
      <size>27</size>
    </font>
    <font>
      <name>Details</name>
      <filename>UbuntuCaps.ttf</filename>
      <size>30</size>
    </font>
    <font>
      <name>font13</name>
      <filename>Arial.ttf</filename>
      <size>24</size>
      <color>White</color>
    </font>
    <font>
      <name>InfoPlot</name>
      <filename>Default.ttf</filename>
      <style>bold</style>
      <size>28</size>
      <linespacing>1.0</linespacing>
    </font>
    <font>
      <name>InfoPath</name>
      <filename>UbuntuCaps.ttf</filename>
      <size>22</size>
    </font>
    <font>
      <name>size22</name>
      <filename>UbuntuCaps.ttf</filename>
      <size>33</size>
    </font>
    <font>
      <name>ViewMenu</name>
      <filename>UbuntuCaps.ttf</filename>
      <size>30</size>
    </font>
    <font>
      <name>Label2</name>
      <filename>UbuntuCaps.ttf</filename>
      <size>28</size>
    </font>
    <font>
      <name>52Label2</name>
      <filename>UbuntuCaps.ttf</filename>
      <size>25</size>
    </font>
    <font>
      <name>FManager</name>
      <filename>UbuntuCondensed.ttf</filename>
      <size>26</size>
    </font>
    <font>
      <name>FManager2</name>
      <filename>UbuntuCondensed.ttf</filename>
      <size>23</size>
    </font>
    <font>
      <name>SetContent</name>
      <filename>UbuntuCaps.ttf</filename>
      <size>26</size>
    </font>
    <font>
      <name>Keyboard</name>
      <filename>Arial.ttf</filename>
      <size>30</size>
    </font>
    <font>
      <name>size24B</name>
      <filename>UbuntuCaps.ttf</filename>
      <size>36</size>
    </font>
  </fontset>
  <fontset id="Arial based" unicode="true" idloc="31392">
    <font>
      <name>MainMenu</name>
      <filename>Arial.ttf</filename>
      <size>60</size>
    </font>
    <font>
      <name>MainMenuVerticalFO</name>
      <filename>Arial.ttf</filename>
      <style>bold</style>
      <size>56</size>
    </font>
    <font>
      <name>MainMenuVertical</name>
      <filename>Arial.ttf</filename>
      <size>40</size>
    </font>
    <font>
      <name>WeatherTitle</name>
      <filename>Arial.ttf</filename>
      <size>45</size>
    </font>
    <font>
      <name>Logo</name>
      <filename>Arial.ttf</filename>
      <size>60</size>
    </font>
    <font>
      <name>Volume</name>
      <filename>Arial.ttf</filename>
      <size>42</size>
    </font>
    <font>
      <name>SysInfo</name>
      <filename>UbuntuCondensed.ttf</filename>
      <size>27</size>
      <style>Bold</style>
    </font>
    <font>
      <name>ExtProgressBar</name>
      <filename>Arial.ttf</filename>
      <size>18</size>
    </font>
    <font>
      <name>ExtProgressBar2</name>
      <filename>Arial.ttf</filename>
      <size>19</size>
    </font>
    <font>
      <name>GridItems</name>
      <filename>Arial.ttf</filename>
      <size>21</size>
    </font>
    <font>
      <name>Progress</name>
      <filename>Arial.ttf</filename>
      <size>46</size>
    </font>
    <font>
      <name>rss</name>
      <filename>Arial.ttf</filename>
      <size>23</size>
    </font>
    <font>
      <name>info</name>
      <filename>Arial.ttf</filename>
      <size>28</size>
    </font>
    <font>
      <name>Year</name>
      <filename>Arial.ttf</filename>
      <size>32</size>
    </font>
    <font>
      <name>Slider</name>
      <filename>Arial.ttf</filename>
      <size>32</size>
    </font>
    <font>
      <name>ItemCount</name>
      <filename>Arial.ttf</filename>
      <size>22</size>
    </font>
    <font>
      <name>Sublist</name>
      <filename>Arial.ttf</filename>
      <size>30</size>
    </font>
    <font>
      <name>MainLabelBig</name>
      <filename>Arial.ttf</filename>
      <size>39</size>
      <style>bold</style>
    </font>
    <font>
      <name>MainLabelBigTitle</name>
      <filename>Arial.ttf</filename>
      <size>44</size>
      <style>bold</style>
    </font>
    <font>
      <name>InfoTitle</name>
      <filename>Arial.ttf</filename>
      <size>36</size>
      <style>bold</style>
    </font>
    <font>
      <name>ListDetails</name>
      <filename>Arial.ttf</filename>
      <size>27</size>
    </font>
    <font>
      <name>Details</name>
      <filename>Arial.ttf</filename>
      <size>30</size>
    </font>
    <font>
      <name>font13</name>
      <filename>Arial.ttf</filename>
      <size>24</size>
      <color>White</color>
    </font>
    <font>
      <name>InfoPlot</name>
      <filename>Arial.ttf</filename>
      <size>28</size>
      <linespacing>1.0</linespacing>
    </font>
    <font>
      <name>InfoPath</name>
      <filename>Arial.ttf</filename>
      <size>22</size>
    </font>
    <font>
      <name>size22</name>
      <filename>Arial.ttf</filename>
      <size>33</size>
    </font>
    <font>
      <name>ViewMenu</name>
      <filename>Arial.ttf</filename>
      <size>30</size>
    </font>
    <font>
      <name>Label2</name>
      <filename>Arial.ttf</filename>
      <size>28</size>
    </font>
    <font>
      <name>52Label2</name>
      <filename>Arial.ttf</filename>
      <size>25</size>
    </font>
    <font>
      <name>FManager</name>
      <filename>Arial.ttf</filename>
      <size>26</size>
    </font>
    <font>
      <name>FManager2</name>
      <filename>Arial.ttf</filename>
      <size>22</size>
    </font>
    <font>
      <name>SetContent</name>
      <filename>Arial.ttf</filename>
      <size>26</size>
    </font>
    <font>
      <name>Keyboard</name>
      <filename>Arial.ttf</filename>
      <size>30</size>
    </font>
    <font>
      <name>size24B</name>
      <filename>Arial.ttf</filename>
      <size>36</size>
    </font>
  </fontset>
</fonts>