<window>
  <defaultcontrol>32</defaultcontrol>
  <allowoverlay>no</allowoverlay>
  <controls>
    <control type="group" description="fanart">
      <visible>!Player.HasVideo</visible>
      <include>Pvr_Art</include>
    </control>
    <control type="videowindow" description="TV Channel Live BG">
      <visible>Player.HasVideo</visible>
      <posx>0</posx>
      <posy>0</posy>
      <width>1920</width>
      <height>1080</height>
    </control>
    <control type="image" description="fa overlay">
      <posx>0</posx>
      <posy>315</posy>
      <width>1920</width>
      <height>765</height>
      <texture border="0,30,0,0">OSD/OSDBackground.png</texture>
      <colordiffuse>FF9e9e9e</colordiffuse>
    </control>
    <include>Time</include>
    <control type="group" id="50">
      <include>OpenClose</include>
      <include>EPGTimelineView</include>
      <!-- view id = 10 -->
      <include>LiveTVChannelView</include>
      <!-- view id = 11 -->
      <include>LiveRadioChannelView</include>
      <!-- view id = 12 -->
      <include>LiveTVRecordingsView</include>
      <!-- view id = 13 -->
      <include>LiveTVTimersView</include>
      <!-- view id = 14 -->
      <include>LiveTVGuideChannelView</include>
      <!-- view id = 15 -->
      <include>LiveTVGuideNowNextView</include>
      <!-- view id = 16 -->
      <include>LiveTVSearchView</include>
      <!-- view id = 17 -->
    </control>
    <control type="group" description="TV Channels group">
      <visible>Control.IsVisible(11)</visible>
      <include>VisibleFadeEffect</include>
      <control type="group" description="INFO">
        <posx>60</posx>
        <posy>480</posy>
        <control type="image" description="TV Logo">
          <posy>-36</posy>
          <width>660</width>
          <height>120</height>
          <texture>$INFO[Container(11).ListItem.Icon]</texture>
          <aspectratio>keep</aspectratio>
        </control>
        <control type="label" description="Title above progress">
          <posy>120</posy>
          <width>660</width>
          <font>InfoTitle</font>
          <textcolor>Orange</textcolor>
          <aligny>center</aligny>
          <height>60</height>
          <wrapmultiline>true</wrapmultiline>
          <label>$INFO[Container(11).ListItem.Title]</label>
        </control>
        <control type="textbox" description="Plot Value for TV">
          <posx>0</posx>
          <posy>189</posy>
          <width>660</width>
          <height>260</height>
          <align>justify</align>
          <pagecontrol>-</pagecontrol>
          <label>$INFO[Container(11).ListItem.Plot]</label>
        </control>
        <control type="label">
          <visible>Container(11).ListItem.HasEpg</visible>
          <posy>480</posy>
          <width>660</width>
          <height>36</height>
          <font>Details</font>
          <label>[COLOR=Grey]$LOCALIZE[142] [/COLOR]$INFO[Container(11).ListItem.StartTime,, / ]$INFO[Container(11).ListItem.EndTime]</label>
        </control>
        <control type="label">
          <posy>520</posy>
          <width>660</width>
          <height>36</height>
          <font>Details</font>
          <label>[COLOR=Grey]$LOCALIZE[19031]: [/COLOR]$INFO[Container(11).ListItem.NextTitle]</label>
        </control>
      </control>
    </control>
    <control type="group" description="Radio group">
      <visible>Control.IsVisible(12)</visible>
      <include>VisibleFadeEffect</include>
      <control type="group" description="INFO">
        <posx>60</posx>
        <posy>480</posy>
        <control type="image" description="TV Logo">
          <posy>-36</posy>
          <width>660</width>
          <height>120</height>
          <texture>$INFO[Container(12).ListItem.Icon]</texture>
          <aspectratio>keep</aspectratio>
        </control>
        <control type="label" description="Title above progress">
          <posy>120</posy>
          <width>660</width>
          <font>InfoTitle</font>
          <textcolor>Orange</textcolor>
          <aligny>center</aligny>
          <height>60</height>
          <wrapmultiline>true</wrapmultiline>
          <label>$INFO[Container(12).ListItem.Title]</label>
        </control>
        <control type="textbox" description="Plot Value for TV">
          <posx>0</posx>
          <posy>189</posy>
          <width>660</width>
          <height>260</height>
          <align>justify</align>
          <pagecontrol>-</pagecontrol>
          <label>$INFO[Container(12).ListItem.Plot]</label>
        </control>
        <control type="label">
          <visible>Container(12).ListItem.HasEpg</visible>
          <posy>480</posy>
          <width>660</width>
          <height>36</height>
          <font>Details</font>
          <label>[COLOR=Grey]$LOCALIZE[142] [/COLOR]$INFO[Container(12).ListItem.StartTime,, / ]$INFO[Container(12).ListItem.EndTime]</label>
        </control>
        <control type="label">
          <posy>520</posy>
          <width>660</width>
          <height>36</height>
          <font>Details</font>
          <label>[COLOR=Grey]$LOCALIZE[19031]: [/COLOR]$INFO[Container(12).ListItem.NextTitle]</label>
        </control>
      </control>
    </control>
    <control type="group" description="REC group">
      <visible>Control.IsVisible(13)</visible>
      <include>VisibleFadeEffect</include>
      <control type="group" description="INFO">
        <posx>60</posx>
        <posy>480</posy>
        <control type="label" description="Title above progress">
          <posy>-12</posy>
          <width>660</width>
          <font>InfoTitle</font>
          <textcolor>Orange</textcolor>
          <aligny>center</aligny>
          <height>60</height>
          <wrapmultiline>true</wrapmultiline>
          <label>$INFO[Container(13).ListItem.Title]</label>
        </control>
        <control type="textbox" description="Plot Value for TV">
          <posx>0</posx>
          <posy>69</posy>
          <width>660</width>
          <height>387</height>
          <align>justify</align>
          <pagecontrol>-</pagecontrol>
          <label>$INFO[Container(13).ListItem.Plot]</label>
        </control>
        <control type="label">
          <posy>520</posy>
          <width>660</width>
          <height>36</height>
          <font>Details</font>
          <label>[COLOR=Grey]$LOCALIZE[2050]: [/COLOR]$INFO[Container(13).ListItem.Duration]</label>
        </control>
      </control>
    </control>
    <control type="group" description="Side menu">
      <animation type="Conditional" condition="![Control.HasFocus(31) | Control.HasFocus(32) | Control.HasFocus(33) | Control.HasFocus(34) | Control.HasFocus(35) | Control.HasFocus(36)]">
        <effect type="fade" start="100" end="0" time="100" delay="250" />
        <effect type="slide" tween="circle" easing="in" start="0,0" end="-500,0" time="350" />
      </animation>
      <control type="image">
        <posx>-1</posx>
        <posy>0</posy>
        <width>512</width>
        <height>1080</height>
        <texture border="0,0,30,0">common/ViewMenu.png</texture>
      </control>
      <control type="grouplist" id="9000">
        <posx>1</posx>
        <posy>60</posy>
        <width>500</width>
        <height>1120</height>
        <itemgap>0</itemgap>
        <onleft>9001</onleft>
        <onright>50</onright>
        <onup>9000</onup>
        <ondown>9000</ondown>
        <onback>50</onback>
        <scrolltime>200</scrolltime>
        <orientation>vertical</orientation>
        <control type="label" id="9149">
          <textcolor>Orange</textcolor>
          <textoffsetx>10</textoffsetx>
          <align>left</align>
          <include>9000ViewButtons</include>
          <label>$LOCALIZE[582]</label>
        </control>
        <control type="togglebutton" id="32" description="TV Channels">
          <include>9000SysButtons</include>
          <label>$LOCALIZE[19023]</label>
        </control>
        <control type="button" id="33" description="TV Channels">
          <include>9000SysButtons</include>
          <label>$LOCALIZE[19024]</label>
        </control>
        <control type="button" id="31" description="TV Guide">
          <include>9000SysButtons</include>
          <label>$LOCALIZE[19222]: $LOCALIZE[19030]</label>
        </control>
        <control type="button" id="34" description="Recordings">
          <include>9000SysButtons</include>
          <label>$LOCALIZE[19163]</label>
        </control>
        <control type="button" id="35" description="Timers">
          <include>9000SysButtons</include>
          <label>$LOCALIZE[19040]</label>
        </control>
        <control type="button" id="36" description="Search">
          <include>9000SysButtons</include>
          <label>$LOCALIZE[137]</label>
        </control>
      </control>
    </control>
  </controls>
</window>