<window type="dialog">
  <defaultcontrol always="true">5</defaultcontrol>
  <include>OpenClose</include>
  <controls>
    <include>DimBG</include>
    <control type="group" description="Content">
      <include>DialogOpenClose</include>
      <posx>315</posx>
      <posy>180</posy>
      <control type="image">
        <posx>-21</posx>
        <posy>-20</posy>
        <width>1293</width>
        <height>660</height>
        <texture border="0,40,0,40">dialogs/SetContentBG.png</texture>
      </control>
      <control type="label" id="1000" description="Profile name">
        <posx>0</posx>
        <posy>50</posy>
        <width>741</width>
        <height>40</height>
        <align>center</align>
        <textcolor>Orange</textcolor>
      </control>
      <control type="label" id="1001" description="Profile Directory">
        <posx>0</posx>
        <posy>90</posy>
        <width>741</width>
        <align>center</align>
      </control>
      <control type="grouplist" id="5">
        <description>Control Area</description>
        <posx>0</posx>
        <posy>150</posy>
        <width>741</width>
        <height>360</height>
        <itemgap>0</itemgap>
        <orientation>vertical</orientation>
        <onleft>noop</onleft>
        <onright>9000</onright>
        <onup>5</onup>
        <ondown>5</ondown>
      </control>
      <control type="button" id="7">
        <width>741</width>
        <textoffsetx>30</textoffsetx>
      </control>
      <control type="radiobutton" id="8">
        <width>741</width>
        <textoffsetx>30</textoffsetx>
      </control>
      <control type="spincontrolex" id="9">
        <width>741</width>
        <textoffsetx>30</textoffsetx>
      </control>
      <control type="group" id="9000">
        <posx>1003</posx>
        <control type="button" id="28" description="OK">
          <posy>450</posy>
          <width>231</width>
          <label>$LOCALIZE[186]</label>
          <onleft>5</onleft>
          <onup>29</onup>
          <ondown>29</ondown>
        </control>
        <control type="button" id="29" description="Cancel">
          <posy>510</posy>
          <width>231</width>
          <label>$LOCALIZE[222]</label>
          <onleft>5</onleft>
          <onright>noop</onright>
          <onup>28</onup>
          <ondown>28</ondown>
        </control>
      </control>
      <control type="image" description="Profile image">
        <posx>753</posx>
        <posy>149</posy>
        <width>240</width>
        <height>240</height>
        <texture>unknown-user.png</texture>
        <aspectratio>scale</aspectratio>
      </control>
      <control type="image" id="2" description="Profile image">
        <posx>753</posx>
        <posy>149</posy>
        <width>240</width>
        <height>240</height>
        <texture></texture>
        <aspectratio>scale</aspectratio>
      </control>
      <control type="image" description="Profile image overlay">
        <posx>753</posx>
        <posy>149</posy>
        <width>240</width>
        <height>240</height>
        <texture border="3">thumbs/CoverOverlay0.png</texture>
        <aspectratio>stretch</aspectratio>
      </control>
    </control>
  </controls>
</window>