<window>
  <defaultcontrol always="true">10</defaultcontrol>
  <allowoverlay>no</allowoverlay>
  <animation effect="fade" time="800">WindowOpen</animation>
  <animation effect="fade" time="200">WindowClose</animation>
  <controls>
    <control type="button" id="10">
      <include>HiddenButton</include>
      <onfocus>SetFocus(11)</onfocus>
    </control>
    <!-- Show home if skin widgets loading is finished -->
    <control type="button" id="11">
      <include>HiddenButton</include>
	  <!--<posx>510</posx>
      <posy>500</posy>
      <width>900</width>
      <height>80</height>
      <align>center</align>
      <texturenofocus>-</texturenofocus>
      <texturefocus>-</texturefocus>
      <textcolor>Orange</textcolor>
	  <focusedcolor>Orange</focusedcolor>
      <label>$LOCALIZE[31979]</label>-->
      <!--onfocus condition="!System.HasAddon(service.skin.widgets)">SetFocus(12)</onfocus>
      <onfocus condition="System.HasAddon(service.skin.widgets)">SetFocus(11)</onfocus>
      <visible>IsEmpty(Window(Home).Property(SkinWidgets_Running))</visible-->
	  <onfocus>SetFocus(12)</onfocus>
    </control>
    <control type="button" id="11">
      <include>HiddenButton</include>
      <onfocus>ReplaceWindow(Home)</onfocus>
      <!--visible>!IsEmpty(Window(Home).Property(SkinWidgets_Running))</visible-->
    </control>
    <control type="button" id="12">
      <include>HiddenButton</include>
      <onfocus>ReplaceWindow(Home)</onfocus>
    </control>
	<include>Default_Art</include>
  </controls>
</window>
