<window>
  <!--<include>OpenClose</include>-->
  <onunload>Dialog.close(all,true)</onunload>
  <controls>
    <control type="group" id="0">
      <posx>0</posx>
      <posy>99</posy>
      <include>OSDFade</include>
      <control type="group">
        <posy>621</posy>
        <control type="image" description="Background">
          <posx>0</posx>
          <posy>0</posy>
          <width>1920</width>
          <height>361</height>
          <texture border="0,30,0,30">OSD/OSDBackground.png</texture>
          <colordiffuse>FFE2E2E2</colordiffuse>
          <!--<colordiffuse>BBFFFFFF</colordiffuse>-->
        </control>
        <control type="group" description="Thumb">
          <posy>-6</posy>
          <control type="image">
            <posx>390r</posx>
            <posy>90</posy>
            <width>350</width>
            <height>248</height>
            <texture diffuse="thumbs/SquareDiffuse.png" fallback="thumbs/SquareBG_NF.png">$INFO[VideoPlayer.Cover]</texture>
            <aspectratio aligny="center" align="right">keep</aspectratio>
          </control>
          <control type="group">
            <posx>-260</posx>
            <posy>72</posy>
            <control type="label" description="Main label">
              <include>FullscreenInfoLabelMain</include>
              <wrapmultiline>true</wrapmultiline>
              <label>$INFO[VideoPlayer.TVShowTitle]$INFO[VideoPlayer.Season,[COLOR=Orange]  •  [/COLOR]$LOCALIZE[31973],.]$INFO[VideoPlayer.Episode,,[COLOR=Orange]  •  [/COLOR]]$INFO[VideoPlayer.ChannelNumber,,.]$INFO[VideoPlayer.ChannelName,,: ]$INFO[VideoPlayer.Artist,, - ]$INFO[VideoPlayer.Album,, - ]$INFO[VideoPlayer.Title]</label>
            </control>
            <control type="textbox">
              <posx>300</posx>
              <posy>75</posy>
              <width>1410</width>
              <height>125</height>
              <align>justify</align>
              <label>$INFO[VideoPlayer.Plot]</label>
              <font>InfoPlot</font>
            </control>
            <control type="grouplist" description="Flags">
              <posx>303</posx>
              <posy>231</posy>
              <width min="90" max="900">auto</width>
              <height>45</height>
              <itemgap>30</itemgap>
              <orientation>horizontal</orientation>
              <align>left</align>
              <aligny>center</aligny>
              <control type="button">
                <visible>!IsEmpty(VideoPlayer.VideoResolution)</visible>
                <height>36</height>
                <width>102</width>
                <posx>0</posx>
                <posy>0</posy>
                <font>Flags</font>
                <align>center</align>
                <textoffsetx>0</textoffsetx>
                <colordiffuse>Silver</colordiffuse>
                <texturenofocus>badges/video/ResFrame.png</texturenofocus>
                <texturefocus>badges/video/ResFrame.png</texturefocus>
                <label>$INFO[VideoPlayer.VideoResolution]</label>
              </control>
              <control type="image">
                <visible>!IsEmpty(VideoPlayer.VideoCodec)</visible>
                <height>36</height>
                <width>102</width>
                <aspectratio>keep</aspectratio>
                <colordiffuse>Silver</colordiffuse>
                <texture aligny="top">$INFO[VideoPlayer.VideoCodec,badges/video/,.png]</texture>
              </control>
              <control type="image">
                <visible>!IsEmpty(VideoPlayer.AudioChannels)</visible>
                <height>36</height>
                <width>102</width>
                <aspectratio>keep</aspectratio>
                <colordiffuse>Silver</colordiffuse>
                <texture>$INFO[VideoPlayer.AudioChannels,badges/channels,.png]</texture>
              </control>
              <control type="image">
                <visible>!IsEmpty(VideoPlayer.AudioCodec)</visible>
                <height>36</height>
                <width>102</width>
                <aspectratio>keep</aspectratio>
                <colordiffuse>Silver</colordiffuse>
                <texture>$INFO[VideoPlayer.AudioCodec,badges/audio/,.png]</texture>
              </control>
              <control type="button">
                <visible>!IsEmpty(VideoPlayer.VideoAspect)</visible>
                <height>36</height>
                <width>102</width>
                <posx>0</posx>
                <posy>0</posy>
                <font>Flags</font>
                <align>center</align>
                <textoffsetx>0</textoffsetx>
                <colordiffuse>Silver</colordiffuse>
                <texturenofocus>badges/video/FlagFrame.png</texturenofocus>
                <texturefocus>badges/video/FlagFrame.png</texturefocus>
                <label>$INFO[VideoPlayer.VideoAspect]</label>
              </control>
            </control>
          </control>
        </control>
      </control>
      <control type="image" description="Info Background">
        <posx>0</posx>
        <posy>-12</posy>
        <width>1920</width>
        <height>162</height>
        <texture>img/BlackDotST2.png</texture>
      </control>
      <control type="image" description="Info Background">
        <visible>VideoPlayer.Content(LiveTV)</visible>
        <posx>0</posx>
        <posy>165</posy>
        <width>1920</width>
        <height>177</height>
        <texture>img/BlackDotST2.png</texture>
      </control>
      <control type="label" id="10" description="row 1 sys label">
        <posx>40</posx>
        <posy>-8</posy>
        <width>1890</width>
        <height>38</height>
        <align>left</align>
        <aligny>center</aligny>
        <font>SysInfo</font>
        <label>-</label>
      </control>
      <control type="label" id="11" description="row 2 sys label">
        <posx>40</posx>
        <posy>30</posy>
        <width>1890</width>
        <height>36</height>
        <align>left</align>
        <aligny>center</aligny>
        <font>SysInfo</font>
        <label>-</label>
      </control>
      <control type="label" id="12" description="row 3 sys label">
        <posx>40</posx>
        <posy>68</posy>
        <width>1890</width>
        <height>72</height>
        <align>left</align>
        <aligny>center</aligny>
        <font>SysInfo</font>
        <label>-</label>
      </control>
      <control type="group">
        <posy>114</posy>
        <visible>VideoPlayer.Content(LiveTV)</visible>
        <control type="label" description="Backend">
          <posx>40</posx>
          <posy>60</posy>
          <width>1890</width>
          <height>36</height>
          <label>$LOCALIZE[19012]: $INFO[PVR.ActStreamClient]</label>
          <align>left</align>
          <aligny>center</aligny>
          <font>SysInfo</font>
        </control>
        <control type="label" description="Encryption">
          <posx>1860</posx>
          <posy>60</posy>
          <width>450</width>
          <height>36</height>
          <label>$LOCALIZE[19015]: $INFO[PVR.ActStreamEncryptionName]</label>
          <align>right</align>
          <aligny>center</aligny>
          <font>SysInfo</font>
        </control>
        <control type="label" description="Device">
          <posx>40</posx>
          <posy>98</posy>
          <width>1890</width>
          <height>36</height>
          <label>$LOCALIZE[19006]: $INFO[PVR.ActStreamDevice]</label>
          <align>left</align>
          <aligny>center</aligny>
          <font>SysInfo</font>
        </control>
        <control type="label" description="Device">
          <posx>40</posx>
          <posy>135</posy>
          <width>945</width>
          <height>36</height>
          <label>$LOCALIZE[19007]: $INFO[PVR.ActStreamStatus]</label>
          <align>left</align>
          <aligny>center</aligny>
          <font>SysInfo</font>
        </control>
        <control type="label" description="Signal">
          <posx>40</posx>
          <posy>172</posy>
          <width>472</width>
          <height>36</height>
          <label>$LOCALIZE[19008]: $INFO[PVR.ActStreamSignal]</label>
          <align>left</align>
          <aligny>center</aligny>
          <font>SysInfo</font>
        </control>
        <control type="label" description="SNR">
          <posx>532</posx>
          <posy>172</posy>
          <width>472</width>
          <height>36</height>
          <label>$LOCALIZE[19009]: $INFO[PVR.ActStreamSNR]</label>
          <align>left</align>
          <aligny>center</aligny>
          <font>SysInfo</font>
        </control>
        <control type="label" description="BER">
          <posx>1110</posx>
          <posy>172</posy>
          <width>330</width>
          <height>36</height>
          <label>$LOCALIZE[19010]: $INFO[PVR.ActStreamBER]</label>
          <align>right</align>
          <aligny>center</aligny>
          <font>SysInfo</font>
        </control>
        <control type="label" description="UNC">
          <posx>1440</posx>
          <posy>172</posy>
          <width>330</width>
          <height>36</height>
          <label>$LOCALIZE[19011]: $INFO[PVR.ActStreamUNC]</label>
          <align>right</align>
          <aligny>center</aligny>
          <font>SysInfo</font>
        </control>
      </control>
    </control>
  </controls>
</window>