<includes>
  <include name="View_54_LowList">
    <control type="group" description="List">
      <visible>Control.IsVisible(54)</visible>
      <control type="list" id="54">
        <posx>710</posx>
        <posy>705</posy>
        <width>1210</width>
        <height>359</height>
        <onleft>9000</onleft>
        <onright>60</onright>
        <onup>54</onup>
        <ondown>54</ondown>
        <pagecontrol>60</pagecontrol>
        <viewtype label="Low List">Low List</viewtype>
        <preloaditems>4</preloaditems>
        <include>List_Layout</include>
      </control>
      <control type="scrollbar" id="60">
        <animation effect="slide" start="0,0" end="-8,0" time="150">Focus</animation>
        <animation effect="slide" start="-8,0" end="0,0" time="300">UnFocus</animation>
        <posx>20r</posx>
        <posy>705</posy>
        <height>359</height>
        <width>36</width>
        <texturesliderbackground>-</texturesliderbackground>
        <texturesliderbar>-</texturesliderbar>
        <texturesliderbarfocus>-</texturesliderbarfocus>
        <textureslidernib border="18">sc/skin-scroll-vertical.png</textureslidernib>
        <textureslidernibfocus border="18">sc/skin-scroll-verticalfo.png</textureslidernibfocus>
        <showonepage>false</showonepage>
        <orientation>vertical</orientation>
        <onleft>54</onleft>
        <onright>noop</onright>
      </control>
    </control>
  </include>
</includes>