<includes>
  <include name="View_56_BannerList">
    <control type="group" description="List">
      <visible>Control.IsVisible(56)</visible>
      <control type="list" id="56">
        <visible>Container.Content(TVShows)</visible>
        <posx>1100</posx>
        <posy>406</posy>
        <width>820</width>
        <height>648</height>
        <onleft>9000</onleft>
        <onright>60</onright>
        <onup>56</onup>
        <ondown>56</ondown>
        <pagecontrol>60</pagecontrol>
        <viewtype label="Banner List">Banner List</viewtype>
        <preloaditems>4</preloaditems>
        <itemlayout height="72" width="820">
          <control type="image" description="BG">
            <width>820</width>
            <height>73</height>
            <texture border="3">list/ListNF.png</texture>
          </control>
          <control type="label" description="Main Label">
            <posx>20</posx>
            <height>72</height>
            <width>660</width>
            <label>$INFO[ListItem.Label]</label>
          </control>
          <control type="group">
            <visible>IntegerGreaterThan(ListItem.Property(UnWatchedEpisodes),0)</visible>
            <control type="image" description="Label2 BG">
              <posx>84r</posx>
              <posy>15</posy>
              <width>60</width>
              <height>42</height>
              <texture border="3">img/WhiteRoundedT.png</texture>
            </control>
            <control type="label" description="l2">
              <posx>54r</posx>
              <height>72</height>
              <width>100</width>
              <font>ListDetails</font>
              <align>center</align>
              <textcolor>Orange</textcolor>
              <label>$INFO[ListItem.Property(UnWatchedEpisodes)]</label>
            </control>
          </control>
        </itemlayout>
        <focusedlayout height="72" width="820">
          <control type="image" description="BG">
            <width>820</width>
            <height>73</height>
            <texture border="3">list/ListNF.png</texture>
          </control>
          <control type="image" description="BG">
            <posy>3</posy>
            <width>820</width>
            <height>69</height>
            <texture>list/ListFO.png</texture>
          </control>
          <control type="label" description="Main Label">
            <posx>20</posx>
            <height>72</height>
            <width>660</width>
            <textcolor>White2</textcolor>
            <label>$INFO[ListItem.Label]</label>
          </control>
          <control type="group">
            <visible>IntegerGreaterThan(ListItem.Property(UnWatchedEpisodes),0)</visible>
            <control type="image" description="Label2 BG">
              <posx>84r</posx>
              <posy>15</posy>
              <width>60</width>
              <height>42</height>
              <texture border="3">img/WhiteRoundedT.png</texture>
            </control>
            <control type="label" description="l2">
              <posx>54r</posx>
              <height>72</height>
              <width>100</width>
              <font>ListDetails</font>
              <align>center</align>
              <textcolor>Orange</textcolor>
              <label>$INFO[ListItem.Property(UnWatchedEpisodes)]</label>
            </control>
          </control>
        </focusedlayout>
      </control>
      <control type="group" description="Banners only">
        <posx>60</posx>
        <posy>460</posy>
        <control type="image" description="Banner">
          <posx>-9</posx>
          <posy>-72</posy>
          <width>900</width>
          <height>210</height>
          <include>Icon_Fade</include>
          <texture background="true">$VAR[Banner]</texture>
          <include>ThumbBorder</include>
          <aspectratio>keep</aspectratio>
        </control>
        <control type="group" description="Media info">
          <animation effect="fade" delay="100" time="300">Visible</animation>
          <animation effect="fade" time="0">Hidden</animation>
          <posx>0</posx>
          <posy>0</posy>
          <control type="label" description="Details">
            <posy>170</posy>
            <height>33</height>
            <width>880</width>
            <font>Details</font>
            <label>$VAR[Details]</label>
          </control>
          <control type="textbox" description="Plot51">
            <posx>0</posx>
            <posy>220</posy>
            <width>880</width>
            <height>300</height>
            <label>$VAR[Plots]</label>
          </control>
          <control type="image" description="Stars">
            <posx>-6</posx>
            <posy>532</posy>
            <include>Stars</include>
          </control>
        </control>
      </control>
      <control type="scrollbar" id="60">
        <animation effect="slide" start="0,0" end="-8,0" time="150">Focus</animation>
        <animation effect="slide" start="-8,0" end="0,0" time="300">UnFocus</animation>
        <posx>20r</posx>
        <posy>462</posy>
        <width>36</width>
        <height>576</height>
        <texturesliderbackground>-</texturesliderbackground>
        <texturesliderbar>-</texturesliderbar>
        <texturesliderbarfocus>-</texturesliderbarfocus>
        <textureslidernib border="18">sc/skin-scroll-vertical.png</textureslidernib>
        <textureslidernibfocus border="18">sc/skin-scroll-vertical.png</textureslidernibfocus>
        <showonepage>false</showonepage>
        <orientation>vertical</orientation>
        <onleft>56</onleft>
        <onright>noop</onright>
      </control>
    </control>
  </include>
</includes>